19092
19092
18820
18532
18260
18004
17748
17492
17268
16996
16804
16564
16323
16163
15859
15619
15395
15107
14819
14515
14195
13907
13587
13283
12995
12675
12339
12050
11714
11490
11250
11010
10818
10626
10466
10402
10306
10194
10178
10130
10130
10194
10242
10338
10498
10626
10802
11090
11346
11602
11922
12194
12547
12931
13235
13635
14051
14467
14819
15203
15523
15827
16131
16371
16580
16788
17028
17156
17332
17508
17636
17732
17876
17940
18004
18084
18116
18148
18196
18196
18196
18180
18180
18116
18052
18020
7857
9394
10450
11394
12114
12835
13491
14035
14515
15011
15379
15747
16019
16323
16532
16740
16948
17092
17204
17332
17428
17492
17540
17620
17588
17604
17604
17588
17540
17460
17412
17332
17220
17124
16996
16868
16724
16612
16468
16339
16211
16067
15907
15779
15619
15395
15203
15059
14803
14531
14275
14035
13731
13459
13139
12867
12627
12339
12066
11794
11554
11298
11106
10930
10738
10578
10450
10402
10306
10258
10258
10210
10242
10290
10370
10434
10578
10786
10962
11218
11458
11762
12050
12371
12707
17092
17796
17988
18084
18180
18228
18276
18308
18356
18324
18356
18388
18324
18308
18308
18244
18180
18132
18084
17988
17908
17828
17700
17588
17476
17316
17156
17060
16916
16724
16596
16436
16291
16131
15971
15827
15651
15459
15283
15059
14803
14563
14291
14019
13763
13475
13187
12867
12611
12339
12034
11778
11538
11282
11058
10850
10722
10562
10434
10402
10306
10242
10210
10178
10178
10306
10386
10466
10642
10802
11010
11282
11554
11794
12098
12451
12755
13107
13475
13859
14227
14627
14995
15315
15635
15923
16179
16388
16612
16852
17028
17188
17348
17508
17636
17732
17860
17924
17972
18052
18100
18116
18148
18148
18132
18132
18132
18068
18004
17988
17908
17828
17748
17668
17540
17412
17252
17156
16996
16852
16724
16564
16404
16275
16147
15955
15827
15683
15459
15267
15107
14883
14595
14355
14083
13779
13491
13235
12979
12643
12355
12114
11810
11570
11330
11106
10914
10754
10594
10498
10418
10338
10290
10274
10210
10242
10290
10386
10498
10626
10754
10946
11186
11458
11746
12002
12355
12691
12995
13395
13795
18724
19268
19252
19220
19140
19092
19028
18996
18932
18852
18740
18660
18580
18500
18388
18340
18212
18084
17988
17860
17716
17588
17460
17300
17124
16948
16804
16660
16468
16355
16179
16003
15875
15683
15443
15267
15075
14819
14595
14323
14035
13715
13475
13139
12851
12579
12323
12050
11746
11538
11298
11074
10914
10706
10546
10482
10450
10306
10274
10258
10210
10242
10322
10386
10498
10674
10818
11042
11298
11522
11842
12355
12451
12803
13123
13491
13891
14259
14643
14995
15315
15635
15923
16179
16404
16660
16820
17012
17188
17348
17492
17668
17764
17844
17956
18004
18020
18068
18132
18132
18132
18132
18116
18084
18052
18004
17956
17876
17812
17748
17620
17540
17428
17300
17156
17028
16868
16692
16564
16436
16259
16099
16003
15827
15635
15459
15251
15059
14835
14547
14355
14019
13747
13475
13203
12899
12627
12371
12050
11778
11554
11298
11074
10898
10722
10546
10466
10402
10338
10274
10290
10258
10258
10306
10386
10466
10626
10786
10978
11250
11522
11746
12066
12419
12739
13059
13411
13811
14179
14547
14931
19860
20292
20180
20036
19892
19764
19556
19428
19284
19108
18964
18868
18724
18532
18404
18276
18116
17940
17764
17620
17460
17284
17092
16932
16740
16596
16420
16291
16083
15939
15779
15507
15315
15139
14867
14611
14339
14083
13779
13507
13235
12979
12675
12355
12098
11794
11570
11298
11138
10946
10770
10626
10514
10402
10370
10338
10290
10258
10274
10306
10386
10498
10642
10786
11010
11234
11490
11778
12066
12387
12739
13075
13411
13827
14179
14563
14915
15251
15587
15891
16131
16355
16580
16788
16980
17124
17300
17444
17604
17684
17812
17908
17940
17988
18068
18100
18116
18148
18148
18132
18116
18068
18196
18148
18068
17972
17892
17716
17588
17460
17332
17172
17028
16836
16724
16564
16404
16259
16099
15923
15779
15635
15395
15203
15011
14771
14483
14179
13955
13651
13379
13091
12803
12499
12242
11970
11682
11442
11266
11042
10834
10674
10546
10434
10370
10322
10274
10258
10290
10274
10338
10418
10578
10706
10898
11138
11346
11586
11922
12210
12515
12883
13235
13603
13971
14339
14723
15043
15395
15699
20565
18308
16548
15699
14995
14435
13843
13363
12963
12595
12291
12002
11778
11570
11442
11282
11234
11266
11282
11314
11458
11602
11810
12050
12258
12515
12835
13155
13443
13795
14179
14531
14899
15219
15427
15875
16179
16404
16612
16852
17044
17188
17364
17540
17636
17748
17876
17956
18052
18084
18132
18148
18244
18196
18212
18212
18148
18148
18100
18020
17972
17956
17828
17732
17636
17540
17364
17252
17108
16996
16804
16692
16548
16259
16051
15763
15523
15283
14995
14691
14419
14099
13827
13491
13219
12899
12579
12323
12002
11746
11506
11282
11090
10898
10722
10594
10498
10402
10370
10306
10290
10258
10306
10338
10450
10626
10786
10914
11170
11394
11666
11938
12242
12595
12931
13267
13635
14035
14371
14739
15107
15443
15715
15971
16259
16468
16676
16900
17076
17220
17380
17556
17636
17732
17844
17940
17988
18020
18116
18132
18116
18148
18148
18116
18068
18052
17988
17924
17860
17796
17700
17588
17460
17380
17204
17076
16964
16788
16644
16516
16355
16211
16067
15907
15795
15587
15379
15235
14995
14755
8786
8177
8177
8258
8402
8594
8754
8882
9042
9218
9378
9570
9810
10034
10306
10610
10898
11218
11570
11938
12291
12707
13059
13443
13843
14243
14643
14979
15331
15651
15923
16179
16420
16644
16836
17028
17188
17332
17476
17636
17716
17844
17876
17988
18004
18068
18100
18116
18100
18084
18116
18068
17988
17988
17940
17844
17748
17700
17572
17476
17348
17204
17060
16900
16836
16644
16484
16388
16211
16051
15907
15779
15619
15411
15203
15011
14803
14531
14243
13987
13715
13411
13139
12835
12563
12291
12034
11762
11490
11282
11106
10850
10690
10562
10466
10386
10322
10306
10242
10274
10290
10290
10402
10514
10690
10850
11090
11298
11538
11842
12162
12467
12803
13139
13459
13859
14259
14611
14947
15315
15619
15827
18180
18308
18404
18388
18436
18500
18500
18516
18532
18516
18484
18468
18452
18388
18324
18276
18228
18148
18084
18004
17892
17812
17700
17556
17380
17252
17108
16948
16820
16676
16484
16388
16195
16035
15875
15747
15523
15315
15155
14915
14675
14403
14147
13875
13571
13331
13011
12707
12403
12194
11874
5457
5809
6465
7137
7761
8242
8850
9394
9986
10546
11106
11618
12130
12691
13203
13667
14163
14611
14979
15331
15683
15939
16195
16468
16692
16868
17108
17252
17380
17572
17668
17764
17844
17924
17956
18004
18052
18052
18084
18068
18020
17972
17972
17940
17844
17748
17684
17588
17476
17380
17252
17076
16964
16836
16676
16532
16388
16275
16067
15955
15795
15651
15443
15251
15043
14819
14563
14339
14003
13731
13491
13187
12883
12611
12339
12050
11794
11554
11298
11090
10882
10690
10578
10482
10402
10322
10258
10242
10242
10258
10290
10338
10498
10626
10786
10994
11298
11490
11746
12082
12387
12739
13107
13459
13795
14227
14611
14915
15251
15587
15843
16131
16388
16596
16804
16996
17172
17300
17460
17620
17716
17844
17924
17972
18052
18100
18132
18164
18196
18148
18132
18084
18084
18020
17940
17924
17828
17732
17684
17556
17428
17348
17156
17044
16916
16724
16596
16452
16291
16147
16003
15843
15683
15523
15299
15123
14899
14659
14371
14115
13859
13571
13251
12979
12707
12419
12114
11922
11586
11362
11170
10962
5713
6353
7137
7905
8482
9186
9874
10514
11138
11746
12339
12899
13427
13955
14403
14819
15171
15539
15811
16099
16404
16612
16836
17060
17204
17332
17476
17620
17732
17796
17876
17924
17956
17988
18004
18020
18004
17972
17956
17892
17860
17796
17684
17620
17540
17428
17332
17156
17028
16884
16772
16596
16436
16323
16179
16003
15843
15747
15539
15347
15171
14931
14691
14435
14147
13907
13651
13331
13059
12787
12499
12226
11954
11714
11442
11218
11026
10850
10690
10530
10418
10354
10290
10274
10210
10242
10274
10306
10402
10530
10706
10850
11042
11250
11602
11922
12242
12643
12995
13363
13779
14147
14515
14867
15251
15571
15843
16099
16323
16548
16772
16980
17108
17300
17460
17604
17636
17764
17892
17956
17988
18052
18100
18116
18100
18132
18084
18068
18036
18004
17956
17876
17796
17732
17620
17492
17428
17252
17156
17028
16900
16724
16580
16468
16291
16147
16003
15843
15699
15507
15315
15139
14899
14643
14387
14099
13843
13571
13283
12963
12691
12435
12162
11874
11618
11394
11202
10978
10834
10658
10514
10450
18916
17732
16948
16307
15699
15139
14579
14131
13651
13155
12771
12387
12066
11778
11538
11282
11090
10962
10818
10722
10674
10594
10626
10674
10706
10802
10962
11058
11298
11554
11730
12050
12355
12675
12979
13331
13715
14051
14467
14819
15155
15491
15811
16083
16307
16548
16788
17108
17348
17508
17668
17748
17844
17924
18020
18052
18132
18148
18196
18180
18212
18196
18148
18036
18100
18036
17972
17940
17828
17748
17636
17572
17428
17300
17140
16996
16836
16740
16564
16420
16259
16131
15939
15795
15667
15459
15267
15075
14851
14595
14339
14051
13763
13491
13219
12979
12675
12371
12098
11810
11538
11330
11122
10930
10770
10594
10466
10434
10338
10370
10306
10274
10306
10322
10386
10498
10658
10802
11026
11282
11554
11778
12082
12419
12755
13091
13491
13843
14211
14563
14931
15283
15587
15875
16147
16355
16580
16772
16948
17108
17316
17460
17588
17684
17796
17876
17956
18020
18068
18100
18132
18116
18116
18100
18084
18052
18004
17940
17892
17812
17716
17668
17524
17428
17284
17124
16980
16852
16724
16612
14659
13763
13331
12995
12675
12323
12034
11746
11506
11282
11058
10882
10754
10594
10482
10418
10402
10322
10322
10338
10338
10418
10546
10674
10802
11010
11282
11522
11778
12082
12419
12707
13059
13459
13779
14179
14563
14915
15251
15587
15891
16115
16339
16580
16772
16932
17108
17300
17428
17572
17684
17812
17876
17956
18004
18052
18100
18132
18116
18132
18116
18100
18036
17988
17956
17892
17796
17732
17636
17540
17428
17284
17156
17044
16900
16724
16596
16468
16291
16163
15971
15827
15699
15523
15299
15123
14867
14643
14355
14115
13827
13539
13283
12979
12691
12435
12210
11874
11602
11394
11202
10962
10802
10674
10514
10450
10386
10354
10306
10274
10306
10306
10370
10498
10578
10770
10946
11202
11410
11714
12002
12307
12643
12979
13331
13667
14083
14419
14787
15155
15459
15747
16019
16259
16484
16692
16916
17092
17220
17412
17540
17636
17748
17860
17908
17972
18052
18084
18100
18132
18148
18100
18100
18052
18004
18276
18212
18068
17924
17812
17684
17492
17316
17204
17044
16868
16692
16564
16404
16211
13139
12130
11746
11490
11234
11042
10882
10706
10546
10434
10386
10290
10258
10242
10178
10178
10210
10210
10322
10466
10578
10770
10978
11266
11522
11746
12082
12435
12739
13091
13491
13827
14179
14563
14947
15267
15587
15875
16131
16323
16564
16804
16948
17108
17284
17444
17556
17652
17796
17876
17924
17972
18052
18068
18100
18116
18100
18100
18084
18020
17988
17924
17892
17812
17716
17636
17540
17412
17300
17140
16996
16852
16740
16564
16420
16323
16147
16003
15843
15699
15491
15283
15107
14899
14659
14387
14099
13843
13555
13267
12995
12723
12435
12178
11906
11682
11410
11218
11026
10802
10658
10530
10434
10370
10322
10274
10274
10290
10306
10370
10498
10610
10770
10962
11186
11458
11714
12034
12323
12675
13011
13347
13731
14131
14467
14803
15187
15507
15779
16035
16291
16516
16724
16916
17092
17252
17380
17540
17652
17764
17876
17924
17988
18052
18100
18100
18116
18132
18084
18052
18068
17988
17956
17860
17812
17732
17636
17588
17428
17284
17188
17060
16724
16740
16644
16468
16323
16179
16035
15907
15747
11474
10498
10306
10162
10098
9954
9922
9922
9874
9874
9874
9922
9938
9986
10034
10146
10274
10418
10626
10802
11042
11314
11618
11906
12210
12579
12899
13283
13619
14019
14419
14771
15091
15427
15747
15987
16227
16452
16676
16868
17044
17236
17364
17476
17652
17764
17844
17924
18004
18020
18068
18100
18116
18100
18100
18084
18052
18020
17940
17876
17860
17748
17668
17540
17492
17348
17188
17060
16948
16788
16644
16500
16323
16179
16051
15907
15715
15475
15251
15043
14771
14531
14259
13971
13699
13411
13139
12819
12547
12323
12002
11714
11538
11282
11074
10898
10754
10578
10466
10434
10338
10306
10306
10258
10258
10370
10418
10530
10722
10850
11106
11362
11618
11890
12194
12547
12883
13203
13571
13987
14307
14691
15027
15379
15651
15939
16195
16420
16596
16852
16980
17188
17332
17476
17588
17732
17828
17860
17956
17988
18068
18084
18100
18148
18116
18068
18084
17988
17972
17940
17860
17796
17716
17604
17492
17412
17252
17092
16980
16852
16692
16564
16420
16243
16115
15955
15811
15619
15427
15267
15043
14803
13971
14979
15395
15699
15955
16195
16323
16484
16644
16724
16772
16836
16884
16884
16868
16852
16772
16724
16612
16580
16452
16371
16275
16131
16019
15907
15763
15635
15491
15331
15123
14947
14723
14515
14243
13971
13763
13459
13203
12931
12627
12323
12114
11506
11266
11106
10850
10722
10546
10450
10386
10322
10258
10242
10242
10242
10242
10370
10402
10546
10706
10914
11090
11346
11650
11890
12210
12547
12883
13219
13571
13955
14291
14675
14995
15363
15651
15923
16179
16388
16580
16788
16996
17172
17300
17460
17604
17684
17796
17908
17956
17988
18052
18116
18116
18132
18116
18100
18052
18052
17988
17940
17844
17796
17700
17588
17492
17380
17236
17108
16980
16836
16692
16548
16355
16259
16099
15955
15779
15651
15443
15203
15075
14803
14547
14339
14003
13731
13491
13219
12883
12643
12339
12082
11810
11538
11298
11154
10962
10754
10642
10514
10418
10386
10290
10290
10290
10322
10354
10434
10514
10706
10818
11042
11298
11522
11778
12114
12403
12739
13059
13443
13827
14179
14547
14899
15251
15539
15827
16115
20917
21205
20981
20661
20388
20164
19892
19652
19460
19236
18996
18788
18596
18356
18148
17972
17748
17540
17332
17156
16964
16772
16580
16404
16195
16035
15875
15635
15427
15203
14979
14723
14403
14147
13859
13555
13267
12995
12707
12387
12130
11842
11618
11394
11186
11010
10802
10642
10562
10450
10386
10370
10322
10290
10306
10354
10418
10546
10690
10818
11026
11282
11490
11794
12082
12371
12723
13091
13459
13827
14179
14595
14931
15283
15619
15891
16147
16388
16612
16788
16996
17172
17316
17460
17588
17716
17828
17892
17956
17988
18052
18100
18116
18132
18116
18116
18068
18052
18004
17956
17860
17812
17748
17636
17540
17412
17300
17140
16996
16900
16724
16580
16420
16307
16147
16003
15843
15699
15507
15283
15107
14915
14643
14371
14115
13859
13555
13283
13027
12723
12419
12194
11906
11618
11410
11186
10978
10770
10690
10514
10418
10402
10338
10306
10274
10274
10338
10402
10514
10658
10770
10754
11074
11362
11714
12082
12451
12819
13235
13587
13987
14387
14755
15107
15427
15747
16003
16227
16452
16708
16868
21525
21589
21269
20885
20549
20196
19892
19620
19364
19012
18772
18516
18228
17988
17764
17492
17284
17076
16836
16612
16420
16227
16019
15779
15571
15331
15059
14803
14531
14179
13907
13667
13347
13027
12755
12467
12178
11874
11650
11362
11154
10962
10818
10658
10546
10450
10402
10338
10290
10306
10306
10322
10418
10498
10658
10802
11058
11266
11522
11778
12098
12419
12755
13091
13443
13795
14227
14563
14979
15331
15619
15939
16211
16436
16660
16852
17060
17204
17348
17492
17652
17748
17860
17940
17988
18068
18100
18116
18116
18148
18116
18100
18068
18068
18004
17940
17892
17828
17716
17636
17508
17412
17284
17156
17044
16852
16724
16580
16420
16259
16147
15971
15811
15667
15459
15235
15075
14867
14595
14307
14083
13811
13507
13235
12963
12675
12371
12130
11842
11586
11346
11170
10914
10770
10626
10466
10434
10370
10306
10290
10274
10290
10322
10402
10514
10626
10818
10978
11234
11490
11746
12050
12387
12707
13027
13395
13779
14147
14547
14899
15251
15555
15827
16099
16355
16548
16740
16932
17124
17252
21733
21765
21397
20933
20565
20196
19844
19524
19204
18884
18596
18308
18004
17764
17508
17284
16980
16788
16580
16355
16147
15875
15651
15427
15139
14899
14563
14275
14019
13715
13379
13091
12803
12691
12194
11874
11650
11426
11202
10978
10850
10658
10546
10466
10386
10338
10322
10274
10306
10322
10402
10498
10658
10818
11010
11282
11522
11746
12082
12371
12739
13075
13411
13795
14211
14547
14899
15267
15619
15891
16147
16388
16612
17172
17332
17492
17620
17748
17812
17940
18004
18068
18116
18164
18180
18212
18180
18164
18148
18148
18100
18020
18020
17940
17860
17748
17684
11490
11282
11042
10850
10674
10514
10450
10386
10338
10322
10290
10290
10370
10434
10546
10706
10850
11058
11282
11586
11810
12130
12435
12803
13091
13459
13859
14227
14611
14995
15299
15635
15923
16163
16388
16612
16852
16980
17172
17332
17476
17572
17700
17844
17924
17956
18004
18084
18100
18116
18148
18132
18100
18084
18052
18004
17940
17908
17860
17732
17620
17540
17428
17252
17156
17028
16868
16724
16580
16436
16291
16099
15971
15827
12611
13811
14403
14835
15203
15523
15811
16083
16291
16436
16612
16708
16932
17060
17060
17092
17060
17028
16948
16916
16836
16724
16644
16548
16388
16291
16179
16067
15907
15779
15667
15523
15315
15123
14931
14723
14483
14227
13955
13715
13427
13155
12851
12563
12307
12034
11730
11522
11266
11074
10914
10706
10578
10466
10418
10338
10274
10290
10274
10242
10322
10386
10514
10658
10834
11042
11282
11522
11826
12114
12435
12771
13123
13459
13827
14195
14563
14915
15235
15587
15859
16083
16339
16548
16740
16964
17124
17300
17428
17588
17684
17796
17892
17956
17988
18068
18132
18100
18116
18100
18116
18084
18020
18004
17956
17892
17844
17748
17636
17572
17428
17300
17140
17028
16852
16708
16612
16420
16307
16147
16003
15859
15683
15507
15283
15123
14899
14627
14387
14115
13859
13523
13267
12963
12691
12403
12178
11858
11586
11394
11186
10962
10770
10658
10514
10434
10370
10562
10274
10242
10242
10322
10338
10466
10626
10802
10962
11202
11458
11714
12002
12323
12627
12995
13315
13699
14115
14467
14803
19764
20132
20052
19924
19780
19636
19492
19396
19220
19076
18948
18820
18676
18564
18436
18260
18116
17972
17812
17620
17492
17300
17124
16964
16804
16644
16468
16291
16099
15955
15811
15571
15379
15171
14947
14659
14419
14115
13827
13587
13315
12995
12691
12435
12114
11810
11586
11362
11154
10930
10818
10642
10546
10434
10386
10338
10290
10274
10274
10290
10402
10514
10642
10770
11010
11234
11474
11746
12050
12355
12691
13027
13395
13763
14179
14531
14899
15267
15587
15891
16131
16355
16580
16836
16964
17156
17316
17476
17588
17716
17844
17892
17972
18052
18100
18116
18148
18132
18148
18116
18132
18084
18004
17972
17892
17828
17732
17636
17556
17412
17284
17172
17028
16836
16724
16596
16420
16275
16163
15987
15795
15587
15363
15171
14915
14723
14419
14131
13859
13619
13315
13011
12755
12435
12162
11906
11650
11410
11218
10978
10786
10658
10514
10418
10370
10306
10290
10290
10274
10290
10370
10498
10594
10754
10962
11202
11426
11698
12018
12307
12675
12995
13331
13715
14099
14467
14819
15187
15459
15763
20629
20917
20773
20517
20260
20068
19812
19636
19444
19220
19028
18868
18660
18484
18276
18100
17876
17700
17524
17316
17108
16948
16740
16548
16388
16227
16051
15843
15667
15443
15235
14995
14771
14435
14179
13907
13619
13331
13059
12787
12499
12210
11906
11650
11426
11218
11042
10850
10658
10562
10482
10418
10322
10338
10274
10274
10322
10402
10466
10642
10786
10946
11202
11426
11714
11986
12307
12643
12963
13299
13699
14035
14419
14819
15155
15491
15811
16083
16307
16532
16724
16932
17092
17236
17396
17556
17652
17748
17860
17940
17972
18068
18084
18116
18132
18148
18116
18084
18068
18020
17972
17924
17860
17812
17668
17588
17476
17348
17188
17060
16964
16820
16612
16484
16388
16195
16035
15923
15763
15571
15379
15203
14995
14755
14531
14243
13987
13731
13459
13171
12835
12579
12339
12050
11762
11522
11330
11138
10914
10754
10626
10466
10402
10386
10306
10274
10306
10258
10322
10434
10546
10674
10882
11058
11298
11570
11842
12162
12467
12819
13155
13491
13875
14259
14627
14995
15331
15587
15875
16163
16404
21157
21397
21077
20773
20452
20228
19908
19652
19412
19220
18996
18756
18532
18308
18068
17876
17636
17428
17236
17044
16820
16628
16452
16227
16051
15875
15619
15395
15187
14947
14675
14387
14115
13811
13539
13235
12931
12627
12371
12082
11746
11554
11314
10658
10466
10386
10258
10210
10146
10114
10082
10130
10178
10226
10306
10434
10578
10786
11010
11202
11554
11826
12114
12467
12755
13123
13507
13891
14259
14627
15027
15347
15683
15971
16195
16436
16676
16836
17060
17188
17332
17460
17620
17716
17812
17892
17988
18004
18036
18052
18100
18116
18084
18084
18068
18004
17988
17956
17876
17796
17716
17636
17508
17396
17252
17172
16980
16852
16708
16612
16436
16259
16131
16019
15827
15667
15507
15283
15107
14851
14659
14371
14099
13827
13603
13315
13011
12739
12467
12194
11922
11666
11394
11186
11010
10818
10674
10562
10466
10386
10338
10274
10290
10290
10322
10402
10466
10578
10754
10930
11170
11442
11682
11970
12307
12643
12947
13299
13699
14035
14403
14755
15107
15427
15779
16003
16259
16484
16724
16868
17076
8930
8754
9090
9490
9890
10306
10754
11266
11714
12210
12691
13155
13619
14067
14515
14899
15283
15635
15891
16179
16452
16660
16868
17060
17236
17412
17556
17716
17812
17876
17940
18020
18052
18084
18132
18132
18116
18116
18068
18004
17988
17940
17876
17812
17716
17572
17492
17380
17220
17108
16980
16820
16676
16532
16404
16179
16067
15907
15811
15603
15395
15251
15027
14787
14531
14275
13971
13715
13443
13139
12835
12563
12242
12002
11730
11474
11218
11058
10834
10674
10562
10450
10370
10322
10290
10258
10258
10290
10322
10434
10546
10738
10850
11090
11378
11602
11858
12162
12531
12835
13187
13571
13923
14291
14675
15043
15347
15635
15939
16179
16388
16596
16820
16996
17188
17348
17460
17620
17748
17844
17892
17988
18036
18036
18100
18132
18116
18116
18132
18084
18020
18004
17924
17876
17812
17732
17604
17492
17412
17204
17108
16996
16836
16676
16548
16404
16243
16099
15955
15795
15619
15427
15251
15027
14803
14563
14275
14003
13731
13459
13171
12883
12627
12323
12066
11826
11554
11314
11138
10962
10754
6017
6769
7585
8258
8994
9698
10418
11058
11682
12323
12915
13459
14099
14403
14819
15187
15507
15811
16067
16388
16596
16788
17028
17172
17332
17476
17604
17684
17764
17860
17876
17956
17972
17956
17956
17956
17924
17908
17860
17796
17716
17684
17540
17444
17348
17188
17060
16948
16804
16676
16548
16388
16211
16099
15923
15763
15619
15411
15203
15075
14803
14547
14275
14003
13747
13475
13187
12867
12643
12339
12082
11794
11554
11298
11106
10898
10722
10578
10466
10386
10338
10306
10242
10258
10290
10322
10402
10498
10658
10818
11026
11314
11538
11810
12130
12435
12755
13107
13459
13827
14179
14595
14931
15267
15571
15875
16083
16323
16564
16772
16964
17124
17540
17716
17828
17924
18004
18020
18068
18148
18132
18180
18180
18180
18148
18116
18116
18020
17988
17956
17860
17764
17668
17588
17460
17332
17220
17092
16916
16804
16644
16484
16355
16195
16067
15891
15715
15587
15363
15155
14947
14723
14483
14211
13955
13619
13363
13075
12819
12515
12226
11970
11682
11458
11234
11058
10834
10674
10562
10450
10402
7057
8017
8738
9570
10370
11074
11794
12483
13075
13587
14115
14563
14947
15299
15651
15955
16195
16452
16708
16900
17076
17252
17380
17508
17604
17716
17748
17844
17876
17908
17876
17924
17924
17844
17844
17812
17748
17668
17572
17476
17380
17268
17156
17028
16868
16740
16596
16468
16323
16163
16035
15891
15715
15571
15331
15171
15011
14707
14467
14227
13907
13635
13363
13091
12835
12515
12258
11986
11714
11490
11218
11042
10834
10674
10562
10482
10402
10322
10290
10306
10258
10274
10386
10418
10530
10706
10850
11106
11362
11602
11874
12210
12563
12867
13251
13587
13955
14355
14691
15075
15395
15683
16003
16195
16436
16612
16884
17028
17172
17332
17476
17604
17700
17812
17924
17940
18004
18052
18084
18116
18100
18132
18084
18052
18052
17988
17940
17860
17828
17700
17604
17540
17364
17236
17124
16996
16836
16692
16548
16404
16259
16099
15971
15795
15651
15427
15251
15043
14787
14595
14291
14019
13779
13523
13203
12915
12659
12339
12082
11810
11554
11330
11106
10930
10722
10578
10514
10418
10354
10322
10258
10274
8578
9730
10626
11442
12130
12803
13395
13923
14371
14803
15171
15523
15891
16115
16404
16660
16852
17044
17220
17364
17476
17588
17700
17732
17812
17860
17844
17860
17876
17828
17828
17828
17748
17844
17716
17636
17492
17380
17204
17044
16916
16788
16596
16452
16323
16147
16003
15843
15699
15491
15299
15107
14867
14611
14371
14051
13795
13523
13267
12995
12643
12387
12162
11794
11570
11346
11138
10946
10786
10626
10482
10418
10370
10290
10274
10274
10306
10290
10386
10466
10594
10802
10994
11218
11474
11762
12050
12371
12723
13027
13395
13779
14163
14531
14883
15267
15539
15811
16115
16323
16564
16788
16948
17092
17284
17428
17572
17668
17812
17860
17940
17988
18068
18068
18084
18148
18132
18100
18084
18068
18004
17956
17924
17844
17764
17668
17540
17428
17316
17156
17028
16900
16772
16612
16452
16339
16179
15971
15843
15747
15507
15315
15171
14915
14675
14435
14147
13859
13603
13347
13091
12771
12467
12210
11954
11682
11442
11234
11042
10818
10674
10530
10434
10370
10290
10274
10258
10242
10258
10370
10434
20997
20517
20020
19476
19028
18564
18116
17716
17332
16900
16532
16147
15763
15331
14979
14611
14227
13843
13523
13155
12835
12515
12162
11906
11650
11410
11170
10978
10818
10674
10546
10498
10402
10370
10386
10338
10386
10482
10578
10690
10834
11090
11314
11554
11842
12098
12467
12771
13107
13475
13891
14243
14611
15027
15331
15651
15971
16179
16420
16644
16852
17028
17236
17348
17508
17636
17748
17844
17924
18020
18004
18084
18132
18132
18148
18116
18148
18100
18068
18004
17972
17892
17812
17764
17636
17508
17412
17300
17156
16996
16868
16740
16564
16420
16291
16099
15971
15827
15683
15475
15267
15059
14867
14595
14307
14051
13811
13523
13267
12931
12659
12371
12114
11794
11570
11346
11106
10930
10786
10594
10466
10402
10322
10290
10290
10258
10242
10306
10386
10482
10690
10802
10994
11282
11490
11778
12082
12419
12739
13107
13443
13811
14211
14595
14915
15267
15555
15843
16099
16339
16564
16772
16932
17108
17316
17412
17556
17700
17796
17860
17956
18020
18052
18084
18132
18148
18132
18100
18084
20052
19636
19140
18692
18260
17876
17508
17092
16708
16420
16003
15635
15299
14915
14515
14195
13827
13459
13123
12819
12467
12130
11858
11618
11346
11170
10978
10770
10690
10514
10450
10402
10402
10338
10370
10386
10450
10562
10706
10850
11042
11298
11586
11810
12098
12451
12755
13091
13475
13859
14211
14595
14979
15299
15587
15923
16179
16404
16596
16804
17028
17188
17332
17460
17604
17700
17828
17924
17988
18020
18084
18100
18132
18196
18132
18100
18084
18052
18020
17972
17876
17812
17748
17636
17540
17444
17316
17124
17044
16900
16724
16596
16452
16291
16147
16019
15843
15699
15523
15331
15123
14883
14659
14419
14115
13875
13587
13299
13027
12723
12483
12194
11906
11682
11010
10690
10530
10402
10274
10242
10162
10130
10114
10114
10146
10194
10258
10370
10562
10674
10882
11186
11394
11650
11986
12242
12611
12979
13315
13651
14051
14467
14787
15139
15491
15763
15955
16259
16484
16708
16916
17108
17220
17364
17540
17636
17732
17876
17972
17972
18020
18084
18132
18100
18116
18100
18084
18052
18004
17972
17892
19076
18580
18132
17652
17220
16820
16404
16019
15571
15155
14803
14403
14019
13635
13251
12947
12627
12242
11970
11730
11458
11218
11026
10850
10690
10530
10498
10418
10386
10338
10338
10386
10482
10546
10706
10882
11042
11298
11554
11810
12114
12467
12755
13107
13491
13859
14227
14595
14995
15331
15651
15939
16195
16436
16644
16820
16996
17204
17348
17492
17668
17732
17812
17924
17972
18052
18068
18116
18180
18180
18148
18132
18100
18036
18004
17940
17892
17844
17748
17620
17508
17428
17268
17124
16996
16852
16692
16564
16420
16259
16067
15923
15843
15619
15443
15251
15043
14803
14563
14275
14035
13779
13491
13219
12931
12643
12355
12082
11810
11538
11298
11138
10962
10754
10578
10498
10434
10338
10274
10290
10242
10258
10338
10402
10514
10658
10818
11010
11266
11554
11778
12066
12419
12755
13091
13395
13827
14179
14531
14947
15267
15571
15891
16147
16323
16564
16772
16964
17108
17284
17460
17588
17700
17828
17892
17956
18004
18052
18100
18132
18116
18164
18100
18084
18052
17988
17956
17892
17828
17748
18340
17812
17316
16884
16468
16051
15635
15187
14787
14403
14019
13667
13299
12931
12611
12258
11954
11714
11426
11218
11010
10834
10690
10562
10498
10450
10418
10370
10370
10434
10514
10578
10754
10882
11074
11330
11522
11826
12162
12515
12867
13251
13603
13955
14371
14787
15091
15427
15763
16051
16275
16516
16708
16900
17092
17252
17380
17508
17652
17796
17860
17908
17988
18052
18100
18132
18132
18148
18100
18116
18084
18004
17972
17940
17844
17748
17684
17588
17444
17300
17188
17044
16916
16788
16612
16468
16339
16211
16035
15875
15747
15555
15331
15171
14915
14675
14435
14147
13875
13619
13363
13043
12755
12483
12226
11970
11714
11474
11266
11058
10882
10754
10578
10498
10434
10354
10290
10322
10290
10290
10370
10450
10562
10754
10914
11106
11378
11650
11906
12210
12563
12883
13251
13603
13987
14371
14707
15059
15379
15683
15955
16211
16420
16660
16868
17044
17172
17364
17492
17620
17732
17844
17940
17972
18068
18084
18100
18116
18164
18116
18084
18068
18004
17956
17940
17860
17796
17716
17588
17476
17380
9026
10594
11538
12371
13331
13939
14483
14915
15299
15667
15939
16211
16468
16660
16804
16980
17076
17172
17252
17284
17300
17332
17364
17348
17316
17252
17204
17140
17044
16932
16820
16724
16596
16468
16355
16211
16035
15955
15779
15635
15491
15267
15075
14931
14659
14403
14115
13907
13587
13315
13059
12771
12483
12210
11954
11682
11442
11234
11026
10834
10690
10578
10450
10386
10370
10290
10242
10258
10306
10338
10434
10594
10722
10882
11138
11362
11650
11938
12226
12547
12931
13235
13603
14003
14355
14723
15075
15427
15683
15939
16259
16436
16660
16836
17044
17188
17364
17508
17636
17732
17844
17892
17972
18020
18052
18116
18100
18132
18116
18084
18052
18036
17988
17892
17828
17796
17700
17572
17476
17348
17220
17076
16948
16820
16676
16532
16355
16259
16067
15923
15779
15587
15427
15187
14995
14787
14531
14243
13987
13699
13395
13123
12851
12563
12258
12018
11714
11490
11298
11042
10882
10722
10562
10450
10418
10370
10306
10258
10290
10274
10338
10402
10562
10690
10834
11090
11330
11554
11874
12178
16083
16836
17124
17284
17460
17572
17700
17828
17892
17956
18020
18068
18084
18100
18132
18116
18068
18068
18020
17972
17924
17860
17748
17668
17588
17476
17332
17204
17092
16948
16804
16628
16532
16355
16179
16067
15907
15763
15587
15379
15187
14979
14739
14499
14211
13907
13667
13363
13091
12835
12547
12258
11970
11714
11474
11234
11058
10850
10690
10530
10418
10338
10322
10258
10258
10274
10258
10322
10466
10562
10722
10914
11122
11378
11602
11922
12210
12547
12883
13235
13587
13971
14387
14723
15027
15395
15683
15955
16195
16452
16676
16852
16996
17156
17348
17476
17588
17700
17828
17892
17940
18052
18052
18100
18116
18132
18084
18100
18068
18036
17988
18068
18068
17924
17812
17716
17508
17380
17236
17108
16948
16788
16660
16468
16307
16195
16003
15875
15699
15459
15299
15107
14899
14643
14355
14083
13779
13507
13251
12963
12675
12387
12178
11858
11618
11410
11170
10962
10818
10626
10530
10450
10338
10306
10274
10258
10290
10322
10370
10466
10642
10786
10962
11234
11474
11746
12050
12371
12707
13075
13379
18052
18692
18756
18756
18788
18756
18740
18724
18724
18644
18644
18596
18500
18436
18372
18244
18164
18100
17988
17892
17796
17636
17540
17364
17252
17076
16916
16804
16596
16452
16307
16179
15971
15827
15667
15459
15251
15059
14851
14595
14307
14019
13763
13507
13219
12931
12675
12355
12082
11810
11554
11346
11154
10962
10770
10642
10546
10418
10386
10306
10306
10274
10258
10338
10402
10514
10658
10818
11026
11282
11538
11794
12098
12451
12739
13091
13491
13827
14211
14595
14915
15267
15587
15907
16131
16355
16612
16788
16964
17108
17300
17444
17556
17700
17812
17892
17924
18004
18052
18084
18116
18132
18116
18100
18068
18052
17988
17940
17924
17828
17716
17636
17508
17412
17252
17172
17028
16868
16724
16596
16420
16291
16163
15971
15843
15683
15491
15283
15139
14883
14643
14355
14115
13795
13523
13299
12995
12707
12419
12194
11890
11618
11410
11202
10978
10802
10642
10514
10434
10402
10322
10290
10274
10258
10306
10386
10498
10610
10786
10978
11218
11474
11714
12002
12339
12675
12979
13347
13715
14115
18884
19476
19508
19412
19332
19268
19172
19092
18980
18916
18820
18708
18612
18532
18404
18308
18180
18068
17908
17764
17668
17492
17316
17172
17044
16836
16692
16532
16388
16195
16099
15907
15747
15571
15171
14915
14675
14419
14131
13843
13571
13283
13011
12691
12387
12178
11874
11602
11394
11218
10978
10818
10658
10514
10450
10386
10322
10306
10290
10290
10306
10386
10450
10658
10786
10962
11250
11474
11730
12066
12371
12707
13091
13411
13795
14179
14579
14899
15267
15587
15843
16131
16323
16564
16788
16964
17124
17316
17428
17572
17684
17812
17876
17940
17988
18052
18084
18116
18116
18116
18084
18084
18052
17988
17940
17892
17844
17748
17636
17540
17428
17284
17172
17028
16868
16740
16596
16420
16275
16147
16003
15827
15683
15507
15267
15123
14867
14643
14419
14115
13859
13571
13315
12995
12707
12451
12194
11858
11666
11426
11202
11010
10818
10658
10530
10450
10418
10322
10290
10274
10290
10306
10386
10466
10594
10770
10946
11170
11426
11682
11970
12307
12627
12979
13315
13715
14051
14419
14803
15139
15459
21829
20324
19284
18388
17492
16724
16035
15315
14691
8770
9874
10834
11650
12371
13075
13635
14163
14659
15075
15491
15843
16131
16404
16660
16836
17044
17204
17348
17444
17508
17588
17620
17620
17620
17684
17636
17588
17572
17492
17412
17332
17284
17124
16996
16916
16756
16612
16468
16355
16211
16051
15939
15779
15619
15443
15235
15043
14835
14595
14291
14019
13779
13507
13235
12931
12691
12387
12098
11842
11586
11346
11170
10962
10770
10642
10514
10418
10370
10338
10258
10274
10274
10338
10402
10514
10626
10786
10978
11218
11458
11730
12034
12323
12675
13011
13347
13763
14099
14499
14867
15187
15507
15795
16051
16275
16532
16724
16932
17076
17236
17428
17508
17668
17764
17844
17892
17988
18036
18084
18084
18132
18100
18084
18052
18068
17988
17972
17892
17828
17716
17684
17556
17428
17316
17204
17060
16916
16788
16644
16468
16307
16195
16051
15891
15747
15539
15379
15171
14963
14739
14483
14179
13923
13699
13363
13075
12803
12531
12226
11954
11682
11458
11234
11058
10834
10674
10578
10466
6705
7617
8322
9138
9906
10642
11362
12002
12627
13235
13747
14243
14691
15059
15427
15763
16019
16275
16548
16740
16964
17156
17300
17460
17540
17636
17716
17796
17876
17876
17908
17940
17940
17876
17892
17876
17796
17748
17716
17604
17492
17412
17300
17124
17028
16884
16772
16596
16468
16323
16163
16019
15907
15715
15555
15363
15155
14915
14691
14435
14147
13907
13651
13347
13059
12755
12467
12210
11970
11682
11426
11266
11042
10882
10690
10562
10450
10386
10338
10258
10242
10290
10274
10338
10434
10594
10722
10882
11186
11394
11666
11922
12242
12659
13059
13411
13795
14227
14595
14915
15283
15571
15891
16115
16388
16580
16804
16964
17156
17300
17476
17572
17716
17828
17876
17924
18020
18052
18068
18132
18116
18084
18100
18052
18004
17988
17924
17876
17796
17716
17604
17492
17396
17252
17092
16964
16820
16676
16548
16404
16243
16051
15907
15795
15587
15395
15219
14979
14771
14531
14259
13971
13731
13443
13123
12851
12579
12307
12034
11762
11490
11266
11090
10882
10722
10626
10498
10674
10290
10258
10258
10258
8658
9858
10754
11490
12194
12851
13443
13923
14419
14819
15187
15555
15843
16147
16404
16660
16852
17044
17220
17332
17460
17620
17684
17748
17812
17828
17876
17892
17860
17844
17828
17796
17732
17652
17588
17492
17380
17300
17172
17028
16900
16788
16580
16468
16339
16227
16051
15891
15747
15587
15379
15203
15027
14755
14515
14227
14003
13731
13443
13155
12867
12579
12291
12050
11730
11522
11282
11090
10898
10690
10546
10450
10402
10290
10258
10274
10242
10242
10322
10434
10514
10674
10834
11058
11314
11570
11858
12162
12483
12835
13155
13523
13923
14275
14659
15027
15363
15651
15923
16163
16404
16596
16804
17028
17172
17316
17492
17604
17732
17828
17924
17988
18020
18084
18100
18148
18132
18100
18116
18052
18020
17988
17940
17860
17764
17748
17604
17492
17412
17220
17092
16980
16868
16692
16532
16436
16259
16083
15923
15811
15635
15411
15267
15059
14819
14563
14339
14019
13747
13491
13203
12899
12643
12355
12098
11794
11538
11314
11106
10930
10722
10578
10514
10402
10338
10306
10274
10242
10274
10338
10434
10402
11698
12403
13091
13619
14099
14595
14979
15331
15683
15987
16227
16532
17092
17348
17476
17620
17684
17780
17876
17892
17924
17940
17940
17892
17892
17892
17812
17732
17684
17604
17508
17428
17316
17156
17044
16916
16804
16644
16516
16371
16227
16051
15891
15779
15603
15379
15219
15011
14771
14531
14275
13987
13715
13427
13155
12867
12611
12323
12050
11746
11490
11298
11090
10898
10706
10578
10498
10386
10338
10306
10290
10274
10274
10354
10418
10514
10674
10850
11058
11314
11554
11842
12098
12483
12755
13107
13475
13859
14211
14611
14979
15283
15587
15891
16163
16388
16596
16820
16964
17156
17300
17460
17588
17668
17828
17876
17924
18020
18020
18052
18100
18116
18100
18084
18068
17988
18004
17940
17892
17812
17716
17652
17492
17380
17316
17156
16980
16868
16724
16548
16404
16291
16147
15971
15811
15667
15523
15283
15107
14883
14627
14355
14099
13795
13539
13283
12995
12707
12435
12178
11842
11586
11394
11170
10962
10786
10658
10546
10418
10386
10338
10274
10290
10258
10306
10402
10514
10594
10786
10962
18004
16420
15523
14803
14227
13667
13235
12819
12451
12162
11858
11682
11474
11330
11218
11090
11058
11074
11090
11186
11330
11474
11666
11906
12114
12419
12723
13059
13363
13699
14051
14419
14771
15123
15459
15779
16051
16323
16532
16756
16948
17140
17300
17428
17588
17716
17812
17876
18004
18052
18100
18132
18180
18180
18212
18180
18148
18116
18100
18004
17972
17924
17828
17732
17620
17540
17428
17300
17172
16996
16868
16724
16532
16404
16275
16131
15955
15811
15651
15427
15267
15075
14851
14595
14339
14035
13763
13507
13251
12947
12643
12387
12162
11826
11570
11362
11138
10946
10770
10626
10514
10418
10370
10306
10274
10258
10306
10306
10370
10498
10594
10786
10994
11266
11474
11778
12082
12355
12739
13075
13411
13779
14179
14547
14883
15251
15539
15811
16083
16323
16548
16772
16948
17124
17300
17444
17556
17668
17812
17892
17924
18004
18068
18084
18100
18132
18116
18116
18100
18052
17988
17972
17860
17812
17732
17652
17540
17444
17300
17156
17060
16900
16724
16628
16452
16291
16147
15971
15875
15699
11298
10402
10146
10050
9938
9890
9810
9810
9810
9778
9810
9826
9890
9938
10018
10082
10258
10466
10610
10834
11154
11394
11682
11986
12339
12627
13011
13411
13747
14131
14515
14899
15203
15507
15811
16099
16307
16548
16740
16948
17108
17252
17428
17556
17668
17812
17876
17940
18004
18052
18068
18084
18132
18132
18116
18084
18020
17988
17972
17892
17828
17748
17668
17524
17412
17300
17124
16996
16900
16724
16596
16452
16339
16163
16003
15843
15699
15507
15187
14995
14691
14483
14211
13891
13635
13363
13059
12787
12515
12258
11970
11698
11458
11282
11042
10882
10690
10578
10498
10418
10370
10306
10306
10306
10322
10370
10434
10594
10722
10914
11154
11394
11618
11922
12242
12515
12867
13235
13571
13923
14307
14723
15027
15331
15651
15971
16195
16404
16676
16836
16996
17188
17364
17492
17636
17748
17860
17940
18004
18036
18068
18148
18132
18132
18100
18116
18052
17988
17988
17908
17844
17812
17700
17604
17492
17380
17220
17108
16980
16836
16676
16564
16371
16227
16083
15939
15763
15587
15427
15235
15011
14803
8866
8177
8242
8402
8530
8658
8834
8930
9058
9250
9394
9602
9826
10034
10274
10562
10834
11170
11522
11826
12194
12563
12931
13331
13747
14131
14499
14867
15203
15523
15811
16067
16323
16548
16772
16932
17156
17284
17444
17588
17684
17796
17876
17956
17988
18052
18100
18084
18116
18084
18100
18052
18020
18004
17940
17860
17812
17700
17588
17492
17412
17236
17108
16996
16820
16676
16564
16388
16227
16115
15923
15779
15619
15459
15187
15027
14835
14547
14275
14035
13747
13443
13219
12899
12595
12339
12082
11794
11554
11330
11138
10946
10770
10626
10514
10418
10386
10306
10290
10290
10306
10322
10418
10530
10674
10818
11042
11282
11522
11826
12114
12435
12755
13123
13459
13827
14243
14563
14915
15299
15571
15875
16131
16355
16564
16772
16980
17108
17252
17444
17572
17684
17796
17892
17956
18004
18052
18100
18100
18132
18132
18100
18068
18004
17988
17940
17876
17828
17716
17620
17540
17428
17284
17124
17028
16868
16724
16580
16452
16275
16099
16003
15843
15651
15459
15299
15107
14867
14595
14371
14083
13795
13555
6817
6545
6849
7265
7617
8017
8210
8594
8962
9378
9762
10178
10578
10930
11362
11794
12210
12643
13091
13507
13923
14339
14739
15091
15395
15699
16003
16227
16468
16692
16900
17060
17236
17412
17524
17620
17796
17860
17924
18004
18052
18068
18084
18116
18084
18068
18020
17988
17956
17892
17828
17748
17684
17604
17476
17316
17220
17076
16932
16788
16676
16484
16355
16211
16067
15907
15779
15619
15379
15187
15011
14787
14515
14243
13987
13667
13411
13139
12835
12547
12291
12018
11730
11506
11314
11090
10898
10754
10562
10466
10418
10322
10290
10290
10274
10274
10370
10434
10530
10674
10834
11090
11314
11570
11874
12178
12483
12851
13155
13571
13939
14339
14675
15027
15379
15667
15939
16163
16436
16644
16836
17028
17188
17348
17492
17668
17716
17828
17924
18004
18020
18084
18132
18116
18132
18148
18084
18068
18004
18004
17924
17844
17796
17716
17572
17476
17364
17204
17108
16964
16820
16660
16516
16388
16227
16067
15907
15795
15603
15395
15251
15011
14771
14595
14275
14003
13731
13475
13187
12883
12611
12339
17380
17764
17764
17668
17572
17460
17332
17220
17092
16948
16788
16644
16532
16371
16211
16115
15923
15779
15619
15395
15203
15027
14803
14515
14259
14019
13731
13459
13155
12867
12579
12323
12050
11730
11490
11282
11042
10866
10722
10562
10466
10386
10386
10290
10258
10258
10306
10338
10418
10546
10690
10834
11074
11314
11554
11842
12146
12451
12803
13139
13507
13875
14243
14627
14979
15299
15651
15907
16147
16355
16580
16788
16980
17156
17316
17460
17620
17700
17812
17924
17956
17988
18068
18100
18084
18100
18132
18116
18084
18052
17972
17924
17860
17812
17700
17636
17524
17412
17316
17156
16980
16868
16708
16564
16404
16275
16099
15939
15827
15667
15443
15251
15091
14851
14595
14371
14083
13795
13523
13251
12963
12643
12435
12162
11858
11602
11394
11170
10946
10786
10626
10530
10418
10370
10274
10274
10290
10274
10290
10386
10498
10626
10834
11026
11282
11522
11794
12066
12371
12723
13059
13395
13795
14131
14499
14867
15235
15539
15827
16099
16323
16532
16740
16932
17092
17252
17444
17572
17668
17796
21765
21573
21141
20661
20276
19844
19428
19092
18708
18356
18020
17764
17428
17156
16916
16692
16436
16147
15907
15635
15331
15043
14755
14419
14099
13795
13475
13155
12851
12563
12258
11938
11682
11410
11202
11026
10786
10658
10546
10450
10370
10338
10322
10290
10290
10338
10386
10514
10674
10818
11042
11298
11554
11810
12082
12419
12739
13107
13443
13811
14211
14595
14931
15299
15651
15907
16163
16420
16676
16820
17044
17220
17364
17940
18004
18100
18132
18196
18244
18228
18260
18276
18244
18228
18244
18180
18116
18084
18004
17940
17876
17764
17636
17540
17444
17316
17140
17060
16900
16724
16596
16452
16259
16147
16003
15811
15667
15507
15267
15091
14899
14627
14355
14099
13795
13523
13235
12931
12643
12403
12114
11826
11586
11394
11154
10946
10770
10674
10530
10418
10386
10322
10290
10258
10290
10306
10386
10514
10658
10786
10994
11218
11474
11730
12050
12339
12675
13011
13347
13747
14099
14515
14819
15203
15507
15763
16067
16323
16516
16740
16916
17092
17252
17444
17556
17684
17796
17908
17940
18004
21557
21253
20741
20260
19812
19364
18980
18596
18212
17924
17572
17252
16996
16708
16388
16099
15827
15507
15187
14867
14499
14211
13875
13587
13235
12899
12611
12307
11986
11730
11474
11234
11058
10850
10690
10578
10498
10386
10322
10322
10290
10306
10370
10434
10530
10674
10850
11042
11298
11538
11810
12098
12451
12755
13107
13459
13843
14211
14627
14979
15299
15635
15971
16195
16404
16644
16852
17044
17188
17364
17492
17652
17748
17844
17940
18004
18052
18116
18132
18132
18180
18148
18116
18100
18052
18020
17972
17908
17828
17748
17668
17540
17428
17300
17140
16980
16900
16708
16580
16420
16307
16115
15971
15843
15683
15491
15267
15075
14851
14611
14371
14083
13779
13523
13267
12963
12643
12419
12162
11858
11586
11426
11218
10962
10818
10642
10530
10418
10386
10338
10274
10274
10306
10290
10354
10498
10626
10770
10978
11202
11458
11714
12018
12323
12691
13011
13347
13747
14131
14499
14819
15203
15523
15795
16099
16339
16532
16772
16948
17108
17300
17428
17572
17684
17748
17876
17972
17972
18020
18084
18116
21077
20677
20148
19684
19220
18772
18356
18020
17620
17300
16932
16612
16275
15907
15619
15235
14867
14515
14163
13827
13475
13155
12771
12483
12210
11906
11650
11410
11186
10962
10802
10674
10546
10450
10402
10370
10322
10370
10338
10402
10514
10642
10802
10962
11218
11474
11698
12002
12339
12611
12995
13347
13715
14099
14467
14851
15203
15523
15827
16083
16323
16548
16788
16948
17124
17300
17428
17572
17684
17764
17892
17940
18004
18116
18100
18100
18148
18148
18132
18084
18084
18052
17988
17940
17860
17796
17684
17588
17476
17348
17204
17092
16932
16772
16644
16484
16355
16195
16019
15923
15747
15571
15363
15171
14947
14723
14467
14195
13939
13651
13347
13075
12771
12483
12210
11938
11698
11490
11234
11042
10850
10690
10530
10498
10386
10322
10306
10274
10242
10306
10322
10434
10578
10706
10882
11170
11394
11650
11938
12258
12563
12899
13267
13619
13987
14371
14739
15043
15395
15715
15971
16179
16420
16660
16852
17028
17220
17348
17508
17620
17732
17828
17908
17972
18052
18068
18100
18132
18148
18100
18116
6689
8177
9138
10082
10962
11746
12467
13107
13651
14147
14643
15091
15443
15811
16131
16355
16580
16852
17028
17156
17332
17428
17508
17588
17668
17732
17700
17748
17748
17764
17700
17668
17652
17588
17492
17428
17316
17204
17108
16980
16836
16708
16596
16420
16259
16147
16003
15875
15715
15571
15331
15139
14979
14771
14467
14179
13971
13699
13363
13091
12819
12515
12274
12002
11730
11458
11266
11058
10850
10690
10546
10418
10386
10322
10258
10258
10274
10258
10322
10450
10546
10690
10850
11074
11346
11602
11906
12194
12515
12851
13187
13571
13955
14307
14707
15043
15395
15651
15939
16179
16420
16612
16836
17044
17188
17364
17508
17604
17700
17828
17940
17956
18004
18084
18100
18116
18132
18132
18084
18084
18036
17972
17892
17876
17812
17716
17620
17476
17364
17236
17108
16964
16836
16708
16532
16388
16259
16067
15923
15795
15603
15379
15235
15043
14787
14531
14275
13987
13715
13459
13171
12851
12595
12355
12050
11778
11554
11298
11138
10946
10722
10578
10498
10402
10338
10290
10290
10274
10306
10322
9826
11090
11906
12579
13251
13763
14243
14691
15107
15411
15747
16051
16339
16580
16820
17028
17172
17316
17460
17556
17620
17716
17764
17812
17812
17860
17828
17828
17812
17748
17700
17668
17572
17492
17428
17300
17172
17060
16916
16772
16644
16516
16323
16211
16051
15891
15779
15571
15363
15187
15011
14755
14531
14275
13987
13699
13459
13187
12867
12579
12323
12050
11730
11522
11298
11074
10882
10754
10562
10050
10034
10034
10018
10018
10114
10146
10210
10402
10530
10690
10930
11186
11410
11714
12050
12339
12675
13043
13411
13747
14147
14563
14883
15203
15539
15859
16099
16339
16516
16788
16932
17108
17252
17444
17556
17652
17796
17860
17956
17988
18052
18068
18116
18132
18148
18084
18084
18020
17988
17956
17908
17844
17748
17636
17556
17444
17284
17140
17044
16900
16708
16580
16452
16275
16163
16035
15843
15667
15507
15299
15107
14899
14659
14387
14115
13859
13603
13267
13011
12707
12483
12162
11874
11666
11426
11218
11026
10818
10674
10546
10482
10386
10322
10306
10258
10258
10306
10402
10450
10578
10754
12258
13411
14019
14499
14899
15283
15619
15955
16195
16468
16708
16932
17124
17252
17428
17556
17620
17684
17764
17812
17844
17892
17844
17828
17828
17812
17732
17716
17620
17540
17428
17348
17220
17092
16980
16852
16676
16532
16436
16275
16115
16019
15843
15683
15491
15315
15107
14899
14659
14403
14115
13859
13587
13283
13027
12723
12435
12194
11906
11602
11426
11202
10962
10818
10658
10514
10434
10386
10322
10290
10290
10258
10274
10402
10450
10578
10770
10930
11202
11426
11698
11970
12291
12611
12963
13283
13651
14035
14403
14755
15091
15427
15715
15955
16259
16468
16692
16916
17076
17236
17412
17540
17620
17748
17860
17908
17988
18084
18116
18116
18132
18132
18116
18084
18084
18020
17956
17892
17828
17796
17668
17556
17476
17348
17188
17060
16948
16788
16612
16484
16339
16195
16051
15923
15763
15603
15379
15187
14995
14739
14499
14243
13955
13667
13395
13107
12819
12547
12258
11986
11730
11474
11250
11058
10850
10690
10578
10498
10386
10322
10290
10274
10242
10274
10370
10466
10546
10706
10898
11090
11362
14467
15331
15779
16147
16355
16612
16868
17044
17204
17396
17492
17604
17732
17748
17844
17908
17940
17924
17908
17924
17876
17844
17828
17764
17700
17604
17508
17428
17284
17204
17060
16932
16788
16660
16468
16355
16227
16035
15907
15779
15571
15379
15203
14979
14771
14531
14259
13955
13731
13427
13123
12867
12563
12307
12002
11730
11474
11234
11058
10834
10674
10562
10450
10370
10322
10274
10226
10258
10274
10306
10418
10546
10658
10850
11074
11330
11570
11906
12178
12483
12835
13203
13523
13907
14323
14659
15027
15379
15699
15939
16211
16436
16660
16820
17044
17204
17348
17492
17636
17748
17860
17940
17988
18020
18068
18100
18100
18100
18132
18084
18052
18004
17972
17940
17860
17796
17716
17572
17460
17412
17220
17092
16980
16836
16676
16532
16388
16227
16067
15923
15795
15619
15395
15203
15043
14771
14547
14275
14003
13731
13475
13155
12867
12595
12307
12018
11762
11554
11314
11138
10946
10770
10610
10514
10434
10386
10322
10338
10306
10306
10338
10418
10514
10674
10834
11010
11314
11538
11794
12082
18228
16532
15651
14915
14371
13795
13283
12867
12547
12194
11938
11730
11538
11346
11282
11218
11202
11234
11330
11394
11554
11778
11954
12194
12467
12755
13027
13379
13731
14067
14435
14851
15139
15491
15795
16099
16323
16564
16788
16980
17156
17316
17508
17620
17732
17876
17924
18004
18100
18132
18164
18196
18244
18212
18196
18180
18132
18068
18036
17956
17924
17812
17716
17668
17524
17380
17284
17108
16980
16868
16708
16548
16420
16275
16131
15971
15827
15651
15427
15267
15059
14819
14611
14307
14019
13779
13475
13235
12883
5329
6625
7841
8770
9778
10674
11522
12226
12867
13475
14003
14467
14915
15299
15619
15939
16259
16484
16708
16948
17076
17204
17348
17460
17540
17572
17652
17684
17684
17700
17700
17636
17588
17572
17508
17444
17332
17220
17140
16996
16868
16740
16644
16484
16307
16195
16099
15907
15779
15651
15411
15203
15043
14851
14563
14339
14035
13795
13507
13219
12915
12627
12371
12114
11826
11554
11362
11106
10930
10754
10594
10466
10370
10306
10258
10242
10210
10210
10258
10386
10450
11106
12355
13091
13699
14163
14627
15059
15363
15683
16035
16291
16532
16788
16948
17124
17284
17428
17540
17604
17668
17748
17764
17796
17828
17812
17764
17764
17764
17716
17620
17556
17492
17380
17348
17204
17108
16948
16772
16644
16516
16323
16163
16019
15891
15715
15523
15347
15123
14851
14659
14387
14099
13827
13587
13283
12995
12707
12451
12178
11874
11618
11426
11186
11010
10818
10690
10562
10466
10386
10306
10306
10274
10274
10322
10370
10450
10594
10770
10930
11186
11410
11698
11970
12291
12643
12947
13315
13699
14051
14419
14771
15155
15443
15747
16051
16291
16516
16692
16916
17076
17236
17444
17540
17668
17732
17860
17940
17988
18052
18100
18116
18116
18148
18116
18084
18052
18052
17956
17892
17828
17764
17684
17572
17476
17316
17188
17092
16916
16788
16612
16484
16339
16163
16035
15891
15747
15571
15299
15139
14947
14723
14419
14147
13923
13635
13347
13075
12787
12483
12210
11970
11682
11442
11234
11058
10818
10642
10530
10418
10338
10290
10274
10258
10258
10274
10370
10450
10578
10722
10930
12899
14003
14563
14979
15379
15715
16003
16291
16532
16740
16964
17124
17284
17428
17508
17620
17716
17812
17828
17828
17844
17876
17844
17828
17796
17748
17700
17668
17572
17428
17364
17236
17124
16980
16884
16708
16564
16436
16291
16147
16003
15875
15747
15523
15331
15139
14979
14675
14419
14163
13875
13619
13363
13027
12755
12483
12210
11922
11714
11458
11218
11042
10882
10706
10562
10466
10402
10338
10306
10306
10274
10290
10386
10434
10562
10738
10898
11154
11410
11618
11922
12258
12563
12899
13283
13651
13987
14387
14771
15075
15395
15715
16003
16227
16452
16692
16868
17060
17220
17364
17508
17668
17748
17860
17924
17988
18052
18084
18132
18116
18100
18116
18116
18020
17988
17988
17892
17844
17764
17700
17556
17460
17348
17204
17060
16948
16820
16644
16516
16355
16195
16051
15907
15779
15571
15379
15059
14803
14547
14291
14003
13715
13459
13187
12883
12595
12355
12034
11778
11554
11266
11090
10914
10722
10594
10498
10386
10386
10274
10274
10274
10290
10306
10386
10546
10690
10834
11090
11298
11554
11842
15379
16179
16516
16740
16948
17124
17300
17460
17604
17684
17780
17860
17892
17940
17972
18004
17988
18004
18004
17972
17892
17860
17828
17748
17652
17572
17460
17332
17204
17108
16948
16804
16692
16532
16388
16275
16099
15907
15795
15619
15411
15251
15075
14803
14563
14339
14035
13747
13491
13203
12899
12611
12387
12098
11810
11570
11346
11154
10930
10738
10578
10498
10418
10354
10306
10290
10258
10274
10322
10386
10466
10658
10802
11026
11282
11538
11778
12082
12419
12723
13091
13443
13795
14179
14611
14915
15251
15587
15875
16115
16339
16548
16740
16948
17140
17252
17412
17556
17684
17796
17860
17956
18004
18020
18116
18132
18100
18116
18116
18084
18020
17988
17972
17892
17812
17732
17652
17540
17412
17300
17124
16980
16868
16724
16580
16452
16323
16147
16003
15843
15699
15539
15331
15139
14899
14659
14419
14115
13875
13603
13331
13011
12739
12467
12162
11922
11650
11426
11202
11026
10850
10658
10546
10498
10418
10306
10306
10290
10242
10258
10338
10434
10578
10754
10898
11138
11442
11666
11954
12291
12595
19796
18100
17124
16323
15555
14899
14307
13811
13315
12867
12531
12194
11906
11698
11538
11346
11234
11154
11106
11122
11170
11250
11346
11586
11746
11954
12210
12467
12755
13091
13443
13779
14131
14515
14867
15171
15523
15843
16115
16323
16580
16820
16996
17188
17380
17476
17620
17796
17892
17956
18020
18100
18132
18148
18228
18212
18212
18164
18180
18132
18068
18020
17956
17876
17812
17716
17620
17540
17396
17252
17124
16996
16836
16692
16548
16388
16227
16083
15955
15795
15635
15427
15219
15043
14803
14563
14275
14035
13763
13475
13187
12899
12643
12323
12050
11794
11522
11314
11106
10946
10738
10594
10514
10402
10322
10322
10274
10242
10274
10306
10402
10530
10674
10802
11042
11298
11522
11778
12114
12387
12739
13091
13427
13827
14179
14563
14915
15267
15587
15891
16147
16371
16564
16740
16980
17124
17252
17412
17604
17668
17796
17876
17972
18020
18052
18100
18132
18132
18100
18116
18100
18068
17988
17940
17876
17844
17732
17636
17524
17444
17300
17140
17044
16900
16724
16580
16452
16307
16147
15971
12483
11538
11170
10962
10802
10626
10514
10322
10242
10178
10146
10082
10066
10066
10066
10066
10162
10258
10402
10530
10738
10914
11170
11474
11730
12034
12355
12691
13155
13539
13955
14355
14723
15043
15411
15747
15971
16211
16420
16660
16852
17060
17204
17364
17492
17636
17764
17844
17924
18020
18020
18084
18132
18116
18116
18100
18116
18020
18004
17972
17908
17844
17748
17668
17556
17476
17316
17172
17076
16916
16772
16628
16468
16323
16179
16051
15859
15747
15539
15363
15155
14915
14723
14419
14147
13891
13603
13299
13059
12755
12467
12226
11970
11650
11426
11250
11026
10818
10658
10562
10434
10386
10322
10274
10258
10274
10322
10386
10482
10578
10722
10930
11154
11394
11666
11954
12242
12547
12899
13283
13603
14003
14387
14739
15075
15427
15747
16003
16211
16468
16676
16836
17044
17236
17364
17492
17636
17748
17828
17924
17972
18052
18068
18084
18116
18148
18084
18084
18100
18036
17988
17956
17860
17796
17700
17604
17460
17348
17236
17076
16948
16820
16676
16532
16388
16195
16067
15939
15763
15587
11042
10130
9938
9794
9778
9730
9698
9682
9730
9746
9778
9810
9826
9938
10050
10162
10306
10466
10674
10930
11186
11458
11730
12098
12435
12771
13155
13507
13875
14291
14675
15011
15379
15683
15923
16195
16452
16644
16836
17044
17188
17332
17476
17620
17716
17828
17892
17988
17988
18052
18116
18100
18116
18116
18116
18052
18004
17988
17924
17876
17796
17492
18148
17844
17636
17380
17156
16932
16772
16532
16323
16163
15955
15667
15443
15251
14995
14691
14435
14115
13843
13571
13267
12947
12643
12355
12082
11778
11538
11266
11074
10898
10754
10562
10482
10418
10370
10306
10258
10290
10290
10338
10434
10562
10690
10882
11106
11314
11586
11906
12178
12483
12835
13187
13523
13923
14339
14643
14995
15363
15683
15923
16195
16420
16612
16820
17012
17156
17348
17492
17604
17972
18100
18148
18196
18228
18228
18228
18260
18244
18212
18180
18132
18084
17972
17956
17860
17764
17684
17556
17428
17316
17172
17028
16900
16724
16612
16436
16275
16163
15971
15827
15683
15491
15283
15075
14899
14611
14355
14099
13859
13571
13251
6657
6465
6833
7185
7617
8001
8242
8642
9026
9410
9858
10242
10626
11074
11490
11922
12371
12771
13267
13715
14099
14515
14899
15267
15571
15859
16131
16388
16612
16804
17028
17204
17332
17460
17636
17716
17812
17908
17988
17988
18020
18084
18068
18068
18068
18052
18004
17956
17940
17892
17764
17700
17636
17524
17380
17284
17124
16980
16852
16740
16564
16404
16307
16131
15955
15875
15667
15475
15299
15123
14867
14643
14403
14083
13843
13571
13251
12995
12691
12435
12178
11874
11618
11442
11218
10962
10802
10690
10546
10450
10338
10306
10274
10194
10274
10290
10370
10434
10578
10738
10930
11202
11426
11714
11970
12291
12643
12979
13347
13715
14131
14467
14803
15155
15491
15779
16035
16291
16516
16692
16900
17092
17252
17364
17540
17684
17764
17844
17972
17988
18052
18116
18116
18132
18148
18148
18084
18068
18020
17956
17876
17860
17764
17668
17556
17460
17316
17188
17076
16916
16788
16596
16516
16323
16179
16051
15907
15747
15555
15363
15171
14947
14723
14467
14163
13907
13635
13363
13091
12835
12547
12258
11954
18372
18484
18308
18084
17860
17636
17476
17252
17060
16852
16660
16484
16291
16115
15939
15699
15491
15267
15059
14771
14499
14211
13955
13651
13347
13075
12787
12483
12242
11922
11650
11442
11218
10994
10850
10690
10546
10450
10370
10306
10242
10258
10242
10290
10370
10498
10594
10770
10994
11218
11458
11714
12034
12323
12627
13011
13331
13731
14067
14499
14803
15155
15491
15763
16035
16291
16516
16708
16932
17076
17252
17412
17572
17636
17796
17892
17924
17988
18052
18100
18100
18116
18116
18116
18068
18036
17988
17972
17892
17860
17796
17684
17556
17476
17364
17204
17076
16964
16788
16612
16516
16388
16195
16051
15923
15779
15571
15395
15171
14979
14755
14499
14211
13971
13667
13379
13139
12803
12499
12291
12002
11682
11474
11234
11042
10882
10754
10546
10466
10402
10338
10290
10290
10274
10306
10370
10434
10546
10722
10882
11074
11346
11618
11874
12194
12515
12819
13187
13571
13875
14291
14643
14995
15331
15619
15939
16147
16388
16580
16820
16964
17172
17348
17428
17620
17716
17828
17924
17972
21605
21381
20885
20356
19924
19492
19108
18708
18356
18004
17684
17412
17124
16804
16548
16259
15939
15651
15363
14915
14531
14227
13859
13539
13219
12931
12595
12291
12002
11698
11474
11266
11042
10850
10706
10578
10466
10434
10386
10290
10290
10306
10322
10418
10530
10658
10802
11026
11282
11522
11794
12066
12371
12755
13075
13411
13843
14163
14563
14947
15283
15587
15907
16195
16404
16628
16868
17028
17188
17364
17540
17604
17716
17860
17924
17972
18052
18084
18116
18132
18196
18148
18116
18116
18068
18004
17940
17924
17828
17732
17668
17588
17428
17300
17172
17012
16900
16772
16596
16452
16291
16163
16019
15859
15747
15507
15299
15139
14947
14691
14419
14147
13875
13603
13347
13027
12739
12467
12210
11906
11650
11442
11234
11010
10850
10706
10546
10450
10386
10338
10290
10274
10274
10290
10338
10450
10626
10770
10898
11170
11410
11650
11954
12258
12563
12883
13267
13619
14003
14355
14739
15107
15443
15763
16003
16211
16468
16660
16868
17060
17220
17332
17476
17668
17732
17828
17892
17988
18020
18020
18100
21125
20757
20276
19764
19300
18900
18484
18132
17764
17460
17124
16804
16484
16179
15843
15555
15203
14835
14515
14131
13843
13507
13155
12819
12515
12210
11906
11650
11442
11218
11010
10834
10674
10546
10466
10386
10338
10338
10322
10306
10418
10482
10578
10754
10914
11154
11410
11650
11922
12226
12563
12883
13251
13587
14003
14339
14739
15107
15443
15747
16035
16291
16532
16724
16948
17092
17252
17444
17556
17684
17748
17876
17940
18004
18084
18116
18116
18132
18148
18132
18116
18100
18052
18004
17988
17876
17812
17700
17636
17476
17380
17236
17108
16964
16836
16676
16516
16388
16227
16099
15939
15763
15635
15411
15203
14995
14803
14531
14259
13987
13715
13411
13139
12883
12579
12307
12066
11778
11506
11282
11074
10898
10738
10562
10434
10386
9874
9874
9922
9938
10034
10178
10290
10450
10674
10898
11154
11458
11730
12050
12371
12691
13059
13443
13811
14179
14563
14915
15283
15555
15891
16147
16355
16564
16804
16948
17156
17316
17460
17588
17700
17828
17908
17972
17988
18084
18100
18116
18132
18100
18084
20308
19892
19396
18900
18500
18116
17700
17316
16964
16612
16243
15875
15491
15139
14787
14419
14051
13699
13379
12979
12691
12355
12066
11778
11506
11298
11042
10850
10754
10594
10514
10434
10402
10354
10338
10370
10386
10450
10578
10722
10898
11090
11394
11602
11874
12178
12547
12835
13187
13587
13923
14291
14691
15059
15379
15747
16019
16259
16452
16708
16916
17076
17220
17380
17508
17636
17780
17876
17924
18004
18068
18100
18148
18180
18132
18180
18116
18084
18020
17988
17956
17860
17796
17716
17604
17492
17364
17236
17108
16996
16852
16676
16548
16404
16259
16067
15939
15779
15635
15411
15251
15027
14787
14563
14259
13971
13731
13411
13155
12867
12595
12307
12002
11762
11506
11282
11074
10882
10690
10562
10450
10370
10306
10290
10210
10210
10274
10290
10418
10546
10674
10834
11090
11330
11554
11890
12178
12499
12819
13203
13523
13907
14323
14691
15027
15347
15667
15923
16163
16420
16644
16820
16964
17188
17348
17476
17604
17716
17844
17892
17940
18004
18084
18100
18132
18132
18132
18084
18068
18068
17988
6497
8129
9090
10034
10946
11730
12435
13059
13651
14163
14611
15091
15427
15795
16099
16388
16580
16804
16996
17156
17252
17396
17508
17604
17684
17716
17700
17748
17764
17732
17716
17700
17588
17572
17492
17380
17316
17204
17044
16948
16820
16644
16532
16388
16259
16083
15939
15843
15667
15459
15267
15107
14851
14627
14387
14051
13779
13539
13235
12963
12691
12371
12130
11842
11570
11362
11170
10946
10786
10642
10498
10434
10370
10274
10274
10274
10274
10306
10386
10482
10594
10770
11010
11218
11458
11714
12018
12323
12643
13011
13331
13715
14099
14483
14819
15155
15475
15763
16019
16291
16484
16676
16884
17076
17220
17380
17524
17636
17716
17844
17924
17972
18052
18100
18132
18116
18148
18132
18100
18068
18020
17956
17924
17876
17764
17684
17588
17492
17348
17188
17076
16948
16788
16628
16532
16355
16195
16051
15891
15763
15587
15363
15203
14995
14723
14483
14243
13955
13683
13411
13107
12819
12547
12291
12002
11714
11506
11282
11058
10882
10690
10546
10450
10402
10306
10274
10290
10242
10274
10322
9938
11202
11970
12675
13267
13827
14339
14723
15139
15523
15795
16067
16323
16596
16804
16964
17172
17332
17412
17732
17844
17924
17940
17940
17956
17908
17892
17876
17860
17812
17748
17668
17556
17460
17364
17236
17092
16980
16820
16676
16580
16404
16259
16131
15971
15811
15651
15459
15251
15075
14883
14595
14355
14099
13795
13539
13251
12995
12675
12371
12114
11810
11586
11362
11106
10930
10770
10594
10450
10402
10370
10290
10242
10274
10258
10306
10386
10530
10594
10786
11010
11218
11490
11746
12018
12371
12707
13027
13379
13779
14131
14515
14899
15235
15523
15827
16083
16307
16564
16788
16916
17092
17268
17428
17572
17636
17796
17876
17940
18020
18068
18100
18132
18148
18132
18132
18100
18068
18020
17956
17924
17860
17748
17636
17572
17460
17316
17188
17044
16868
16740
16644
16436
16291
16147
15955
15827
15683
15491
15283
15107
14883
14595
14339
14083
13827
13523
13267
12963
12675
12403
12130
11826
11586
11394
11138
10930
10802
10626
10498
10434
10338
10290
10258
10258
10242
10306
10386
10498
10658
10802
12467
13635
14211
14659
15059
15427
15747
16035
16307
16548
16740
16948
17156
17284
17444
17508
17604
17716
17764
17796
17844
17844
17844
17844
17812
17796
17764
17700
17588
17492
17428
17316
17188
17060
16964
16804
16676
16548
16388
16259
16099
15955
15827
15667
15491
15267
15107
14867
14611
14307
14051
13827
13523
13235
12995
12723
12419
12162
11890
11618
11346
11170
11026
10802
10658
10546
10434
10370
10322
10274
10258
10258
10306
10338
10466
10626
10770
10930
11218
11442
11682
12034
12307
12643
12995
13347
13699
14083
14499
14787
15139
15507
15779
16051
16307
16516
16724
16916
17108
17236
17412
17572
17668
17764
17860
17956
18004
18020
18084
18132
18132
18132
18116
18068
18052
18052
17972
17940
17844
17748
17636
17572
17444
17316
17172
17108
16964
16788
16644
16468
16307
16147
16003
15811
15635
15427
15235
15011
14755
14515
14211
13939
13699
13379
13075
12803
12499
12226
11954
11714
11490
11266
11074
10882
10706
10578
10450
10386
10306
10290
10258
10242
10274
10338
10450
10562
10722
10914
11106
11362
11650
14931
15811
16259
16484
16788
16948
17156
17316
17460
17572
17684
17732
17828
17892
17940
17972
17988
17956
17988
17956
17892
17892
17844
17748
17668
17620
17476
17380
17284
17124
16980
16852
16724
16580
16420
16291
16163
16003
15843
15699
15555
15299
15123
14915
14691
14419
14131
13907
13619
13331
13075
12739
12451
12226
11922
11666
11442
11218
11010
10834
10674
10514
10450
10402
10322
10258
10274
10210
10242
10306
10418
10562
10706
10898
11154
11426
11634
11954
12291
12595
12947
13315
13635
14019
14419
14787
15107
15427
15779
16019
16275
16532
16708
16900
17060
17236
17380
17508
17636
17764
17844
17924
17972
18052
18068
18132
18132
18132
18100
18084
18052
18020
17988
17924
17828
17748
17700
17556
17460
17332
17220
17076
16916
16788
16644
16500
16355
16243
16051
15875
15747
15555
15379
15171
14995
14739
14499
14227
13971
13683
13395
13123
12835
12547
12291
12002
11730
11458
11266
11058
10898
10706
10562
10466
10402
10370
10290
10274
10258
10290
10338
10402
10546
10674
10850
11090
11314
11586
11874
12162
19268
17636
16676
15827
15155
14515
13955
13443
13027
12611
12258
12018
11778
11554
11426
11282
11170
11106
11106
11186
11266
11314
11522
11714
11922
12162
12451
12707
13011
13331
13715
14051
14419
14771
15123
15459
15779
16067
16339
16548
16772
16996
17124
17300
17492
17620
17732
17844
17956
18004
18116
18148
18180
18196
18212
18212
18212
18180
18180
18100
18036
17972
17940
17844
17732
17636
17540
17428
17252
17156
17028
16852
16724
16564
16404
16275
16131
15955
15827
15667
15459
15251
15075
14867
14611
14355
14067
13779
13523
13251
12963
12643
12387
12162
11842
11602
11394
11138
10930
10770
10642
10498
10418
10370
10306
10274
10306
10258
10306
10402
10482
10610
10786
11010
11234
11474
11794
12034
12355
12675
13027
13379
13731
14147
14515
14851
15187
15539
15811
16067
16323
16532
16724
16948
17124
17252
17380
17588
17668
17748
17860
17956
17972
18052
18084
18100
18132
18132
18132
18068
18052
18004
17956
17892
17828
17796
17684
17556
17460
17348
17204
17060
16916
16788
16596
16484
16339
16179
13155
5681
7169
8242
9346
10290
11154
11954
12627
13251
13811
14291
14755
15187
15507
15843
16163
16388
16628
16852
16980
17124
17252
17380
17460
17524
17572
17572
17604
17588
17620
17572
17540
17492
17444
17348
17284
17156
17028
16900
16788
16660
16516
16355
16275
16115
15939
15843
15667
15475
15299
15107
14867
14659
14371
14131
13859
13571
13315
12995
12755
12451
12178
11874
11650
11394
11202
10994
10850
10658
10546
10450
10386
10322
10290
10258
10210
10290
10370
10450
10594
10770
10930
11154
11458
11682
11938
12258
12643
12931
13283
13699
14051
14419
14787
15155
15459
15795
16035
16275
16468
16724
16916
17092
17284
17412
17540
17668
17764
17860
17892
18020
18052
18084
18116
18132
18148
18084
18052
18052
18004
17956
17892
17828
17764
17636
17556
17460
17348
17188
17060
16964
16788
16612
16516
16355
16195
16067
15923
15715
15555
15363
15171
14995
14707
14467
14179
13923
13635
13331
13075
12819
12467
12226
11954
11698
11458
11266
11026
10834
10706
10562
10450
10402
10306
10274
10274
10258
10258
10338
10434
10722
11986
12755
13395
13891
14403
14819
15187
15571
15859
16147
16404
16660
16852
17060
17220
17332
17460
17556
17652
17700
17796
17828
17844
17828
17812
17828
17764
17732
17700
17636
17540
17460
17364
17220
17108
17028
16836
16692
16580
16452
16291
16147
16003
15843
15715
15539
15331
15139
14931
14723
14403
14147
13907
13603
13331
13059
12771
12451
12210
11938
11666
11426
11202
11042
10834
10674
10578
10450
10370
10322
10290
10290
10274
10306
10338
10434
10578
10690
10882
11170
11394
11618
11922
12242
12579
12915
13267
13603
14003
14387
14915
15363
15683
15955
16195
16452
16660
16836
17028
17220
17332
17492
17620
17732
17892
17956
17972
18052
18100
18100
18148
18132
18116
18084
18084
18004
17956
17940
17876
17812
17700
17604
17476
17412
17236
17108
16964
16852
16660
16548
16371
16227
16083
15923
15779
15619
15379
15203
15011
14803
14499
14243
14019
13699
13411
13155
12867
12563
12323
12066
11810
11538
11314
11106
10930
10738
10578
10498
10402
10322
10322
10274
10258
10306
10338
10402
10530
10690
10818
11042
13315
14387
14915
15347
15667
15939
16259
16516
16724
16932
17092
17284
17428
17540
17636
17716
17796
17828
17860
17908
17892
17844
17844
17828
17796
17748
17684
17588
17460
17380
17284
17124
17028
16900
16788
16628
16468
16355
16179
16051
15907
15747
15587
15363
15171
14947
14739
14483
14211
13971
13635
13395
13123
12835
12531
12291
12002
11714
11490
11266
11074
10882
10738
10562
10434
10402
10338
10274
10274
10258
10258
10322
10450
10530
10690
10882
11074
11314
11602
11858
12178
12499
12835
13155
13539
13907
14275
14659
15027
15331
15635
15939
16179
16420
16612
16868
17012
17220
17348
17476
17604
17732
17828
17892
17972
17988
18068
18116
18100
18132
18148
18084
18036
18052
18004
17972
17892
17764
17716
17588
17540
17380
17236
17124
16964
16820
16692
16580
16404
16259
16099
15955
15795
15635
15443
15267
15059
14819
14595
14307
14035
13811
13507
13219
12899
12659
12371
12082
11826
11570
11330
11170
10930
10754
10658
10546
10434
10386
10258
10258
10274
10242
10306
10370
10466
10642
10786
10978
11234
11474
17540
15923
15075
14435
13875
13363
12899
12547
12258
11954
11730
11586
11410
11266
11218
11186
11186
11234
11346
11458
11666
11858
12082
12307
12611
12931
13219
13587
13955
14291
14675
15011
15379
15635
15955
16211
16436
16676
16868
17060
17236
17412
17556
17668
17764
17860
17972
18052
18084
18132
18180
18196
18196
18180
18180
18100
18068
18052
17988
17892
17876
17812
17700
17572
17476
17348
17204
17108
16932
16788
16644
16516
16339
16179
16067
15891
15747
15571
15331
15139
14947
14723
14435
14163
13891
13619
13331
13091
12803
12499
12258
11970
11698
11458
11282
11042
10850
10706
10578
10466
10402
10338
10274
10274
10290
10274
10322
10418
10562
10706
10914
11138
11394
11602
11906
12226
12547
12867
13187
13587
13923
14291
14707
15027
15379
15667
15955
16179
16436
16676
16852
17028
17220
17348
17508
17620
17716
17844
17956
17972
18020
18100
18100
18100
18132
18148
18100
18084
18036
17972
17924
17860
17812
17716
17604
17508
17380
17284
17140
16996
16852
16692
16548
16355
16211
16083
15923
15763
15571
15379
10274
9474
9314
9282
9314
9362
9362
9442
9522
9538
9602
9682
9810
9906
10050
10274
10418
10658
10962
11186
11474
11810
12114
12467
12835
13203
13571
13971
14387
14723
15091
15443
15715
15955
16211
16420
16676
16836
17076
17220
17364
17492
17652
17732
17828
17924
18004
18052
18068
18100
18148
18132
18132
18084
18052
18052
17972
17908
17860
17764
17684
17556
17492
17332
17188
17060
16948
16788
16644
16516
16339
16179
16035
15891
15747
15555
15379
15155
14931
14723
14451
14163
13907
13667
13363
13075
12819
12499
12226
11970
11714
11442
11218
11058
10834
10658
10530
10466
10370
10290
10306
10258
10242
10290
10338
10450
10562
10722
10898
11122
11330
11602
11922
12226
12547
12899
13235
13603
13971
14371
14739
15075
15411
15699
15971
16211
16452
16660
16868
17044
17188
17348
17508
17620
17732
17828
17940
17956
18004
18068
18116
18116
18100
18116
18084
18068
18052
17972
17924
17860
17796
17700
17588
17476
17380
17236
17092
16948
16836
16708
16532
16388
16275
16067
15923
15811
15635
15427
15251
15059
14803
14579
14307
8113
7569
7713
7937
8177
8210
8434
8706
8930
9154
9410
9714
9970
10274
10642
10962
11266
11682
12034
12387
12803
13203
13603
14003
14403
14787
15123
15491
15779
16035
16259
16516
16724
16916
17124
17236
17380
17572
17668
17780
17876
17924
18004
18084
18084
18100
18116
18116
18100
18052
18004
18004
17940
17844
17812
17732
17604
17476
17428
17252
17092
16996
16852
16692
16564
16388
16259
16083
15923
15795
15635
15427
15251
15043
14851
14579
14291
14019
13411
13075
12803
12499
12242
12002
11714
11458
11266
11042
10882
10722
10578
10466
10402
10370
10290
10274
10258
10274
10322
10402
10530
10658
10818
11042
11282
11490
11794
12114
12387
12739
13075
13443
13795
14179
14579
14899
15251
15587
15843
16083
16323
16596
16772
16932
17124
17300
17412
17540
17716
17764
17860
17956
18004
18036
18068
18116
18132
18132
18100
18084
18052
18004
17956
17892
17828
17732
17636
17556
17444
17316
17172
17060
16900
16740
16612
16468
16307
16163
16019
15875
15715
15555
15331
15139
14931
14675
14419
14147
13907
13619
13347
13043
12755
6209
6145
6561
7009
7521
8033
8322
8802
9282
9762
10194
10658
11154
11570
12034
12531
12979
13395
13907
14307
14723
15107
15459
15747
16003
16227
16484
16692
16916
17092
17236
17380
17540
17652
17764
17860
17924
17972
18036
18084
18052
18084
18068
18052
17988
17972
17940
17860
17828
17732
17636
17556
17428
17284
17156
17028
16916
16724
16596
16484
16307
16147
16019
15843
15683
15539
15331
15123
14931
14691
14435
14131
13891
13619
13315
13059
12755
12483
12210
11938
11698
11474
11218
11042
10834
10674
10562
10498
10402
10306
10290
10258
10258
10274
10338
10418
10578
10738
10930
11138
11410
11650
11938
12226
12595
12899
13251
13651
14003
14371
14755
15107
15395
15763
16003
16227
16452
16692
16852
17044
17220
17396
17492
17620
17764
17828
17924
17972
18052
18084
18116
18132
18116
18084
18116
18068
18004
17988
17924
17876
17796
17732
17588
17460
17364
17220
17092
16932
16820
16660
16532
16388
16195
16051
15939
15747
15555
15363
15187
14995
14755
14515
14243
13971
13667
13411
13107
12835
12563
12323
12034
11730
17364
17748
17796
17668
17620
17508
17428
17316
17188
17092
16980
16772
16612
16484
16355
16179
16067
15923
15747
15635
15411
15187
14947
14739
14515
14259
14035
13731
13475
13219
12947
12595
12307
12050
11730
11538
11314
11090
10914
10754
10626
10514
10386
10338
10306
10274
10290
10258
10306
10402
10514
10658
10834
11074
11314
11554
11810
12130
12435
12787
13123
13475
13843
14243
14595
14931
15363
15651
15875
16147
16404
16580
16804
16980
17156
17332
17476
17588
17700
17812
17924
17940
18004
18084
18100
18132
18148
18084
18116
18084
18052
18020
17940
17956
17844
17716
17588
17460
17380
17316
17156
16980
16836
16708
16580
16436
16259
16099
15955
15811
15667
15507
15283
15091
14883
14595
14483
14019
13795
13523
13235
12995
12691
12403
12114
11842
11586
11314
11154
10962
10802
10626
10514
10546
10386
10322
10274
10210
10274
10306
10386
10466
10642
10898
11010
11218
11442
11698
12002
12355
12707
13059
13331
13747
14115
14515
15075
15491
15779
16083
16307
16484
16772
16948
17092
17220
17364
17540
17668
17764
21765
21589
21237
20725
20276
19844
19412
19076
18756
18436
18068
17732
17540
17204
16932
16676
16436
16147
15907
15667
15379
15059
14771
14403
14147
13843
13507
13187
12883
12691
12371
11954
11698
11474
11234
11026
10834
10706
10562
10482
10386
10338
10418
10338
10258
10306
10386
10498
10642
10770
10962
11250
11586
11666
12034
12323
12691
12995
13363
13747
14131
14499
14867
15187
15555
15891
16131
16355
16612
16836
17044
17172
17300
17428
17652
17732
17828
17924
18004
18116
18148
18100
18132
18132
18148
18100
18100
18100
18020
18084
17940
17812
17716
17668
17588
17428
17300
17188
17060
17028
16804
16596
16436
16291
16179
16035
15843
15699
15555
15427
15203
14883
14659
14403
14163
13875
13603
13299
13027
12723
12451
12162
11954
11730
11394
11170
10962
10786
10626
10514
10450
10338
10274
10258
10210
10258
10258
10354
10450
10578
10754
10962
11218
11442
11714
12002
12291
12611
12963
13331
13683
14083
14467
14787
15155
15491
15747
16003
16307
16516
16692
16900
17076
17220
17412
17572
17668
17748
17844
17924
21653
21413
20933
20452
20004
19556
19156
18868
18468
18084
17716
17428
17204
16948
16644
16355
16099
15843
15555
15203
14899
14563
14275
13971
13635
13283
12979
12803
12467
12050
11778
11538
11346
11090
10930
10770
10626
10514
10418
10370
10306
10274
10258
10322
10386
10514
10594
10754
10930
11154
11426
11698
11970
12291
12627
12995
13299
13667
14035
14419
14787
15171
15523
15795
16083
16307
16564
16788
16948
17108
17300
17412
17588
17700
17796
17892
17972
18004
18052
18276
18324
18324
18436
18324
18164
18180
18084
18020
17940
17876
17796
17684
17604
17476
17284
17124
17028
16900
16724
16580
16436
16307
16179
16035
15795
15651
15459
15251
15059
14851
14595
14291
14019
13731
13491
13235
12931
12627
12355
12114
11810
11538
11394
11090
10914
10706
10546
10514
10386
10338
10274
10258
10386
10290
10290
10370
10466
10642
10818
11010
11234
11474
11842
12082
12387
12707
13059
13443
13827
14179
14547
14915
15315
15587
15827
16083
16307
16564
16740
16948
17108
17300
17556
17556
17620
17764
17844
17940
18004
18052
18068
21189
20837
20356
19860
19412
19012
18580
18228
17844
17508
17268
16900
16564
16275
15971
15667
15315
14995
14659
14307
13987
13619
13331
12995
12691
12371
12050
11794
11602
11282
11042
10850
10738
10642
10530
10434
10386
10418
10290
10306
10370
10418
10498
10674
10898
11074
11250
11490
11762
12050
12387
12755
13091
13411
13795
14147
14547
14915
15251
15619
15891
16179
16420
16644
16852
17060
17172
17332
17476
17588
17716
17860
17924
17956
18132
18068
18132
18116
18132
18148
18148
18100
18068
18004
17972
17892
17828
17732
17620
17556
17460
17316
17156
17028
16884
16772
16596
16468
16307
16163
16019
15955
15763
15491
15267
15107
14883
14627
14339
14099
13779
13523
13251
12995
12675
12435
12146
11858
11586
11410
11154
10946
10754
10642
10546
10418
10306
10242
10306
10242
10258
10258
10370
10514
10642
10786
11026
11218
11458
11682
12018
12355
12707
13011
13379
13859
14147
14499
14819
15155
15523
15811
16099
16307
16516
16788
16964
17076
17236
17380
17556
17668
17764
17876
17940
18132
18020
18068
18084
18084
18116
8258
9890
10834
11714
12467
13091
13667
14195
14707
15107
15539
15843
16163
16484
16676
16948
17028
17188
17284
17348
17460
17540
17588
17572
17588
17668
17620
17540
17476
17412
17364
17300
17204
17060
16964
16916
16724
16580
16436
16275
16179
16035
15907
15747
15587
15443
15155
14995
14771
14547
14243
13987
13715
13459
13155
12915
12627
12291
12050
11746
11570
11330
11090
10946
10754
10722
10530
10386
10290
10290
10258
10258
10258
10322
10418
10594
10690
10818
10978
11266
11538
11778
12114
12467
12739
13075
13411
13795
14227
14595
14915
15235
15555
15875
16099
16291
16532
16788
16996
17156
17252
17428
17572
17684
17796
17876
17908
18004
18068
18116
18100
18116
18116
18084
18068
18084
17988
17940
17860
17812
17748
17684
17508
17412
17316
17188
17028
16868
16724
16612
16452
16307
16179
16067
15827
15683
15475
15315
15107
14883
14643
14371
14115
13747
13331
13075
12819
12515
12242
11970
11778
11522
11202
11010
10834
10642
10546
10466
10402
10306
10258
10210
10242
10290
10338
10418
10546
10690
10978
11090
13507
14563
15011
15427
15699
16003
16307
16692
16852
16932
17092
17236
17444
17572
17604
17716
17764
17924
17828
17860
17860
17876
17844
17844
17796
17732
17668
17604
17476
17380
17284
17156
17028
16900
16756
16612
16468
16291
16163
16019
15907
15779
15555
15347
15235
15107
14675
14435
14147
13923
13699
13379
13091
12803
12643
12258
11938
11682
11442
11202
11042
10866
10674
10562
10498
10338
10322
10258
10290
10242
10274
10322
10450
10546
10690
10818
11090
11346
11650
11906
12210
12579
12947
13203
13539
13907
14291
14723
15043
15363
15667
16003
16195
16452
16644
16884
17044
17204
17460
17588
17620
17748
17828
17940
17988
18020
18068
18100
18132
18100
18100
18116
18068
18004
17988
17940
17876
17812
17716
17572
17460
17364
17220
17092
16964
16820
16692
16532
16355
16195
16083
15907
15763
15587
15379
15187
15011
14771
14515
14211
13971
13715
13411
13123
12851
12563
12323
12018
11730
11442
11234
11090
10882
10706
10578
10530
10370
10290
10258
10258
10258
10274
10306
10418
10546
10674
10818
11074
11330
11602
11858
15459
16307
16644
16868
17060
17220
17396
17508
17620
17732
17812
17892
17940
17988
17988
17972
18004
17988
17956
17940
17876
17876
17796
17732
17636
17540
17428
17348
17204
17092
16916
16788
16692
16564
16355
16259
16067
15907
15811
15651
15379
15203
15059
14755
14483
14243
13971
13747
13395
13107
12851
12563
12291
12002
11714
11474
11266
11186
10882
10674
10594
10418
10370
10290
10258
10050
10018
10018
10114
10258
10434
10642
10882
11138
11362
11618
11938
12323
12643
12963
13331
13715
14099
14467
14803
15187
15523
15795
16003
16291
16516
16724
16932
17108
17252
17460
17508
17668
17764
17860
17940
17988
18068
18100
18116
18148
18100
18132
18132
18100
17988
17972
17924
17844
17732
17636
17508
17444
17332
17204
17044
16916
16772
16612
16452
16291
16163
16019
15891
15731
15539
15331
15155
14931
14675
14403
14115
13891
13635
13363
13059
12755
12483
12258
11922
11666
11394
11218
11026
10850
10674
10546
10450
10402
10322
10274
10210
10274
10290
10338
10450
10562
10706
10882
11170
11378
11650
11922
12291
12611
16804
17460
17700
17876
17892
18004
18068
18116
18164
18228
18228
18260
18276
18228
18212
18164
18148
18116
18068
18004
17924
17796
17716
17604
17508
17348
17220
17108
16948
16852
16612
16468
16339
16179
16019
15891
15747
15555
15331
15139
14947
14659
14403
14115
13891
13619
13363
13027
12739
12515
12162
11922
11618
11394
11186
11010
10818
10642
10498
10418
10370
10290
10258
10242
10258
10306
10466
10514
10578
10722
10914
11154
11426
11698
11986
12274
12611
12963
13331
13683
14035
14451
14819
15187
15459
15843
16083
16275
16468
16708
16884
17092
17284
17412
17540
17668
17780
17860
17956
18004
18052
18100
18100
18148
18148
18116
18084
18052
18020
18004
17924
17828
17732
17668
17572
17444
17300
17188
17140
16964
16740
16596
16420
16323
16179
16051
15843
15731
15555
15379
15155
14915
14659
14419
14163
13891
13603
13331
13123
12867
12451
12194
11874
11682
11410
11234
11042
10818
10722
10514
10418
10386
10306
10274
10274
10258
10306
10322
10450
10546
10722
10930
11170
11394
11650
11954
12274
12579
12931
13235
13619
16500
14915
14163
13619
13187
12771
12435
12162
11922
11778
11618
11506
11442
11474
11554
11522
11666
11874
12034
12274
12563
12803
13155
13395
13747
14051
14467
14771
15139
15459
15811
16179
16388
16516
16772
16932
17172
17332
17460
17588
17700
17940
17956
17956
18020
18052
18132
18180
18196
18180
18196
18180
18148
18084
18020
17972
17972
17860
17796
17636
17572
17508
17364
17156
16996
16868
16788
16596
16452
16291
16179
16067
15923
15667
15491
15267
15139
14867
14643
14371
14083
13891
13619
13251
12979
12643
12435
12194
11842
11602
11410
11218
11042
10802
10642
10514
10434
10402
10338
10290
10274
10338
10306
10386
10434
10562
10722
10930
11202
11458
11666
12034
12307
12627
12947
13283
13667
14035
14435
14803
15139
15459
15747
16019
16307
16484
16692
16900
17076
17204
17412
17540
17668
17716
17940
17908
18212
18340
18260
18276
18260
18260
18244
18196
18132
18052
18116
17940
17876
17732
17620
17556
17428
17284
17188
16980
16836
16660
16564
16388
16259
16099
15955
15795
15619
15395
15267
14995
14787
8834
8177
8177
8322
8498
8642
8754
8978
9058
9266
9378
9618
9794
10066
10290
10626
10898
11218
11490
11874
12226
12595
12995
13363
13747
14163
14547
14915
15267
15587
15811
16147
16388
16580
16804
16996
17124
17300
17380
17572
17684
17844
17876
17972
18004
18052
18100
18180
18180
18084
18100
18020
18004
17972
17924
17812
17796
17716
17588
17476
17348
17220
17124
16948
16852
16676
16548
16420
16275
16051
15955
15763
15651
15443
15251
15043
14803
14659
14291
14003
13699
4353
5729
6785
7873
8754
9682
10594
11362
12114
12755
13347
13891
14371
14803
15171
15555
15891
16163
16388
16660
16900
17076
17204
17348
17460
17588
17652
17684
17716
17796
17812
17828
17764
17732
17716
17700
17604
17540
17428
17380
17284
17156
16996
16868
16772
16644
16452
16307
16163
16035
15923
15747
15571
15379
15203
15027
14787
14499
14211
13987
13731
13459
13123
12819
12611
12355
12002
11730
11474
11234
11058
10866
10722
10530
10450
10338
10274
10258
10258
10242
10210
10274
10370
10546
10674
10818
11026
11314
11682
11874
12130
12451
16612
17412
17620
17748
17860
17940
18132
18068
18100
18148
18180
18212
18228
18212
18212
18180
18148
18100
18020
17972
17892
17812
17716
17604
17476
17364
17220
17156
17028
16852
16692
16532
16339
16259
16019
15859
15699
15491
15267
15059
14851
14563
14275
14003
13731
13443
13155
12883
12595
12307
12050
11778
11538
11330
11090
10914
10786
10562
10450
10434
10402
10274
10258
10242
10274
10386
10466
10482
10658
10802
11042
11298
11554
11826
12114
12419
12755
13187
13507
13891
14259
14627
15011
15299
15619
15891
16147
16420
16660
16788
16980
17172
17332
17460
17588
17700
17796
17908
18020
18020
18052
18196
18100
18084
18116
18100
18084
17988
17972
17924
17860
17828
17716
17588
17636
17380
17236
17108
16980
16868
16708
16548
16420
16275
16147
15955
15811
15699
15491
15267
15075
14851
14611
14307
14035
13747
13523
13235
12947
12675
12387
12114
11874
11570
11362
11154
10946
10770
10626
10514
10466
10434
10354
10258
10274
10258
10322
10386
10498
10626
10786
11106
11202
11442
11714
12018
12355
12643
13011
13363
13715
18452
19092
19108
19108
19092
19012
18948
18900
18852
18788
18708
18612
18564
18452
18404
18308
18212
18084
18004
17860
17716
17588
17444
17348
17172
16996
16820
16676
16516
16371
16179
16019
15875
15747
15523
15299
15123
14931
14675
14371
14067
13811
13539
13267
12979
12707
12387
12242
11858
11586
11330
11154
10962
10802
10658
10514
10402
10418
10418
10258
10242
10242
10274
10402
10514
10626
10786
11058
11282
11458
11682
11986
12323
12675
12979
13331
13715
14131
14467
14803
15139
15507
15811
16051
16291
16516
16724
16948
17060
17252
17428
17540
17636
17764
17876
17956
18004
18052
18084
18180
18148
18132
18116
18116
18100
18100
17956
17892
17812
17764
17668
17556
17428
17316
17172
17060
16916
16772
16596
16516
16323
16195
16019
15891
15779
15571
15331
15171
14931
14723
14483
14179
13907
13651
13043
12755
12419
12162
11890
11682
11426
11202
11010
10802
10674
10546
10434
10370
10306
10242
10210
10194
10242
10306
10402
10514
10658
10850
11090
11330
11586
11858
12242
12515
12803
13155
13523
13907
14291
14659
15011
14739
13315
12803
12451
12194
11906
11810
11554
11522
11458
11458
11506
11746
11826
11922
12210
12419
12595
12851
13123
13459
13859
14147
14531
14867
15235
15555
15875
16131
16436
16596
16836
16980
17204
17348
17476
17620
17796
17892
18068
18020
18068
18116
18196
18212
18212
18228
18212
18260
18116
18100
18068
17940
17908
17812
17700
17636
17540
17412
17252
17140
17092
16964
16676
16516
16420
16291
16131
15955
15811
15635
15571
15267
15027
14803
14563
14339
14019
13763
13475
13203
12995
12723
12323
12082
11810
11522
11330
11154
10914
10722
10578
10466
10418
10402
10306
10290
10290
10034
10098
10194
10402
10546
10802
11042
11314
11602
11970
12258
12579
12995
13299
13715
14099
14467
14819
15187
15523
15827
16051
16323
16484
16756
16916
17092
17284
17412
17588
17684
17764
17860
17924
18020
18068
18084
18116
18132
18148
18100
18068
18004
17972
17988
17908
17844
17748
17668
17668
17492
17300
17172
17028
16900
16724
16612
16452
16291
16147
15955
15859
15699
15523
15299
15123
14899
14659
14387
14115
13795
13571
7041
6721
7057
7377
7729
8065
8226
8594
8914
9298
9682
10066
10450
10818
11234
11666
12050
12467
12835
13315
13731
14179
14531
14915
15299
15587
15891
16147
16371
16644
16836
17028
17204
17300
17460
17588
17732
17796
17860
17956
18052
18052
18180
18084
18084
18052
18068
18020
17956
17924
17892
17812
17732
17588
17508
17412
17300
17156
17028
16884
16756
16644
16468
16291
16147
15971
15875
15699
15523
15283
15091
14947
14739
14387
14099
13795
13587
13299
12995
12707
12435
12210
12002
11602
11346
11154
11026
10818
10658
10530
10434
10402
10290
10306
10258
10290
10306
10370
10594
10578
10770
10978
11202
11442
11714
12018
12355
12643
13107
13395
13699
14051
14467
14851
15155
15459
15763
16035
16307
16548
16708
16868
17044
17268
17412
17508
17668
17796
17876
17924
18004
18052
18100
18132
18116
18148
18116
18068
18084
18004
17988
17956
17796
17764
17668
17572
17460
17332
17204
17092
16932
16788
16644
16468
16355
16195
16035
15907
15763
15603
15379
15155
14947
14739
14483
14211
13923
13667
13395
13075
12819
12547
6033
5985
6465
7009
7585
8049
8466
8882
9410
9906
10386
10850
11346
11858
12435
12803
13219
13731
14211
14611
15251
15539
15875
16131
16355
16596
16836
16996
17172
17300
17492
17620
17764
17844
17876
18052
17988
18052
18068
18068
18068
18084
18020
17972
17892
17956
17892
17732
17636
17540
17444
17348
17220
17076
16916
16868
16644
16516
16323
16179
16051
15891
15763
15571
15379
15187
14995
14755
14499
14227
13955
13699
13395
13139
12851
12547
12291
11986
11730
11490
11266
11074
10882
10722
10562
10450
10434
10338
10306
10290
10258
10306
10354
10482
10674
10722
10898
11090
11330
11602
11890
12210
12483
12851
13155
13539
13939
14275
14675
15011
15363
15683
15939
16195
16436
16660
16820
17044
17188
17364
17460
17636
17716
17828
17956
17956
18036
18084
18084
18100
18116
18132
18100
18116
18068
17972
17972
17892
17812
17684
17588
17492
17412
17284
17108
16980
16852
16708
16564
16404
16227
16083
15939
15827
15635
15411
15363
15059
14819
14547
14259
13987
13747
13475
13187
12867
12611
12307
12050
11746
11522
11330
11106
5697
6289
7073
7937
8434
9058
9682
10338
10978
11570
12162
12771
13267
13795
14259
14675
15059
15395
15699
16019
16355
16548
16692
16900
17044
17268
17444
17540
17620
17732
17876
17892
17956
17940
17972
17988
18004
17956
17956
17892
17924
17796
17732
17620
17556
17476
17348
17220
17108
16964
16948
16644
16500
16388
16259
16083
15923
15763
15683
15395
15219
15011
14803
14563
14275
13987
13731
13523
13283
12867
12595
12274
12050
11794
11554
11330
11106
11058
10754
10562
10482
10370
10370
10306
10274
10274
10290
10338
10466
10530
10658
10850
11026
11314
11554
11810
12114
12563
12739
13091
13491
13843
14227
14627
14995
15299
15571
15875
16131
16388
16628
16836
16980
17124
17380
17540
17572
17684
17796
17892
17988
18020
18068
18100
18452
18484
18452
18436
18340
18212
18164
18020
17940
17860
17748
17620
17460
17348
17172
17060
16916
16740
16580
16468
16291
16115
15923
15843
15635
15427
15235
15011
14787
14547
14275
14003
13731
13539
13155
12867
12627
12307
12034
11730
11538
11378
11058
10850
10674
10626
10498
6737
18116
16740
15955
15363
14755
14163
13683
13219
12803
12451
12098
11778
11490
11314
11106
10978
10898
10818
10786
10754
10786
10946
10946
11106
11298
11522
11730
12018
12307
12627
12947
13283
13651
14003
14387
14771
15123
15411
15779
16035
16291
16532
16740
16948
17124
17300
17428
17588
17668
17764
17876
17940
18004
18100
18116
18148
18212
18196
18180
18100
18132
18020
18020
17940
17876
17844
17748
17620
17508
17380
17284
17156
16996
16820
16692
16580
16388
16291
16099
15923
15763
15555
15411
15107
14883
14659
14403
14115
13859
13603
13283
13011
12771
12339
12130
11858
11602
11410
11202
11010
10834
10674
10626
10450
10386
10290
10274
10306
10306
10386
10402
10482
10642
10770
10978
11218
11458
11746
12066
12435
12707
13011
13347
13715
14147
14499
14835
15171
15491
15811
16083
16275
16516
16708
16916
17140
17236
17380
17556
17668
17764
17844
17940
17956
18052
18084
18132
18116
18132
18132
18084
18068
18052
17940
17924
17828
17764
17700
17572
17460
17348
17204
17220
16996
16772
16612
16452
16339
16163
13267
12242
11842
11522
11314
11154
10914
10738
10674
10418
10306
10242
10194
10194
10162
10146
10146
10258
10322
10418
10578
10786
10946
11218
11522
11842
12018
12339
12643
13011
13395
13763
14131
14483
14915
15235
15523
15811
16019
16291
16532
16740
16948
17092
17332
17476
17588
17636
17764
17876
17972
18020
18084
18084
18180
18116
18148
18084
18068
18068
18020
17988
17908
17828
17764
17668
17572
17444
17300
17172
17060
16900
16772
16596
16468
16307
16179
16019
15843
15731
15539
15363
15171
14883
14675
14387
14131
13859
13571
13315
13059
12755
12467
12178
11922
11618
11426
11186
10994
10834
10690
10546
10402
10338
10322
10258
10242
10258
10274
10402
10418
10546
10738
10946
11138
11426
11682
12002
12435
12595
12963
13331
13699
14067
14435
14803
15171
15491
15747
16035
16307
16548
16740
16916
17092
17236
17412
17540
17636
17748
17860
17940
17972
18004
18084
18116
18132
18116
18084
18068
18068
18052
17988
17892
17844
17764
17668
17572
17508
17364
17172
17044
16900
16820
16644
16484
16339
16211
16163
15923
15747
11298
10386
10146
10050
9938
9890
9858
9826
9890
9810
9826
9874
9906
10002
10050
10146
10290
10498
10754
10914
11138
11362
11650
11970
12307
12675
13075
13347
13747
14147
14515
14899
15251
15635
15843
16099
16307
16564
16788
16980
17156
17316
17508
17588
17684
17764
17860
17956
18004
18068
18084
18100
18116
18132
18100
18068
18004
17988
17956
17876
17828
17732
17668
17540
17412
17300
17124
16996
16868
16740
16612
16436
16291
16147
16003
15907
15747
15507
15283
15059
14899
14659
14371
14099
13859
13571
13283
13011
12691
12435
12162
11906
11650
11410
11186
11026
10818
10690
10514
10434
10386
10306
10274
10274
10258
10306
10386
10498
10594
10770
10946
11218
11490
11746
12002
12323
12627
12979
13347
13683
14083
14467
14819
15155
15491
15779
16067
16291
16516
16708
16932
17092
17300
17428
17540
17668
17764
17844
17940
18004
18068
18100
18116
18116
18132
18100
18116
18084
18020
17972
17924
17876
17748
17652
17588
17508
17348
17188
17076
16916
16788
16644
16468
16323
16195
16051
15891
15763
15587
15411
15139
14915
9234
8482
8466
8594
8674
8802
8962
9042
9202
9394
9442
9618
9794
10018
10242
10466
10818
11106
11362
11698
12034
12387
12771
13187
13523
13923
14387
14707
15043
15411
15683
15955
16259
16452
16660
16868
17076
17220
17412
17540
17652
17764
17892
17988
18020
18036
18068
18052
18148
18116
18116
18100
18052
18100
18052
17876
17876
17732
17652
17540
17444
17316
17204
17044
16900
16740
16676
16436
16355
16179
16035
15859
15763
15571
15315
15155
14979
14675
14419
14163
13859
13619
13363
13075
12771
12467
12194
11906
11698
11426
11218
11026
10882
10706
10546
10466
10402
10290
10306
10290
10306
10306
10338
10594
10402
10578
10818
11074
11410
11666
12002
12339
12707
13091
13475
13843
14211
14643
14979
15315
15619
15923
16147
16388
16596
16820
16980
17204
17332
17460
17588
17732
17828
17908
17972
18020
18084
18132
18116
18132
18116
18100
18084
18052
17956
17940
17828
17796
17732
17620
17476
17364
17252
17188
16964
16788
16676
16564
16388
16259
16083
15971
15907
15635
15411
15203
14995
14819
14563
14275
14003
13763
13491
14771
15699
16163
16211
16420
16580
16708
16820
16884
16964
17044
16948
16932
16852
16852
16788
16724
16644
16532
16484
16404
16211
16051
15939
15843
15731
15587
15395
15235
15059
14867
14627
14307
14083
13811
13587
13331
13011
12707
12483
12242
11874
11634
11410
11202
10978
10802
10626
10514
10418
10306
10274
10274
10242
10210
10242
10306
10434
10530
10674
10882
11106
11362
11618
11922
12258
12579
12931
13267
13635
14035
14419
14787
15379
15747
16003
16275
16484
16692
16916
17076
17268
17396
17556
17684
17748
17860
17956
18004
18084
18100
18132
18148
18116
18132
18116
18068
18020
17988
17892
17860
17812
17668
17556
17556
17428
17204
17076
16932
16788
16644
16516
16339
16179
16067
15875
15731
15555
15363
15171
14979
14739
14499
14227
13955
13635
13379
13059
12835
12547
12242
12002
11698
11474
11314
11010
10882
10674
10578
10450
10370
10322
10306
10386
10322
10290
10354
10402
10546
10722
10914
11154
11330
11602
11842
12226
12531
12851
13187
13603
13971
14355
14675
15059
15331
15699
15955
16211
16420
16676
21445
21573
21269
20917
20565
20308
20004
19732
19460
19172
19092
18660
18436
18180
17956
17732
17492
17284
17092
16852
16596
16420
16259
16099
15843
15587
15379
15283
14867
14595
14259
13987
13715
13459
13155
12819
12531
12339
11986
11714
11458
11218
11058
10834
10706
10578
10482
10386
10322
10306
10258
10290
10322
10386
10498
10642
10722
10898
11138
11426
11666
11970
12242
12563
13011
13283
13603
13955
14387
14771
15155
15491
15795
16067
16436
16564
16708
16916
17060
17236
17428
17572
17668
17780
18004
17972
18020
18052
18068
18132
18180
18180
18132
18100
18100
18052
18004
17956
17876
17812
17700
17636
17508
17396
17204
17060
16948
16820
16708
16516
16355
16275
16083
15907
15779
15555
15379
15187
14995
14771
14483
14307
14019
13699
13363
13075
12819
12499
12226
11970
11666
11442
11170
11010
10802
10674
10498
10418
10322
10258
10274
10258
10210
10242
10322
10434
10546
10658
10882
11090
11378
11586
11874
12210
12547
12931
13267
13555
13971
14291
14723
15059
15411
15747
15971
16227
16452
16692
16868
17028
21861
21861
21509
21093
20693
20308
19988
19652
19348
19044
18740
18468
18196
17940
17684
17412
17172
16932
16724
16532
16307
16083
15827
15571
15379
15107
14819
14531
14211
13955
13667
13363
12995
12739
12419
12178
11874
11618
11394
11202
11026
10802
10594
10514
10402
10402
10306
10274
10242
10274
10322
10402
10482
10658
10770
11026
11282
11522
11746
12098
12499
12723
13075
13443
13795
14179
14595
14947
15283
15651
16019
16227
16404
16660
16820
17028
17220
17380
17508
17636
17764
17828
17940
17988
18036
18100
18132
18180
18180
18164
18244
18116
18036
18020
17924
17924
17844
17764
17668
17556
17428
17348
17124
17044
16900
16740
16612
16468
16307
16163
16131
15875
15667
15491
15267
15123
14883
14643
14371
14131
13859
13635
13267
12995
12691
12419
12178
11858
11618
11426
11234
11058
10786
10578
10498
10402
10322
10274
10242
10242
10290
10322
10290
10418
10546
10690
10898
11154
11410
11682
11922
12242
12579
12931
13299
13667
14035
14403
14755
15123
15443
15763
16035
16291
16516
16724
16916
17092
17252
17428
17572
21861
21797
21381
20933
20549
20116
19732
19364
19012
18692
18388
18116
17828
17540
17284
17012
16788
16724
16323
16067
15795
15571
15331
15043
14739
14435
14211
13859
13523
13187
12899
12595
12339
12034
11746
11490
11362
11154
10882
10658
10546
10482
10434
10338
10290
10290
10274
10306
10322
10386
10498
10706
10898
11106
11346
11586
11906
12194
12499
12867
13219
13619
14003
14371
14771
15075
15571
15795
16019
16291
16484
16772
16964
17124
17268
17412
17604
17812
17812
17860
17908
18004
18100
18116
18148
18164
18260
18196
18100
18084
18036
18052
17972
17892
17796
17732
17748
17572
17364
17204
17092
16980
16836
16708
16548
16436
16243
16051
15907
15683
15523
15315
15107
14867
14643
14355
14035
13747
13507
13203
12931
12627
12339
12066
11794
11570
11314
11074
10850
10674
10578
10466
10370
10274
10274
10370
10274
10194
10258
10354
10450
10626
10770
10978
11250
11490
11746
12082
12419
12755
13091
13459
13875
14259
14611
14931
15299
15619
15907
16211
16388
16596
16932
17060
17156
17300
17428
17604
17716
17860
17940
8177
8177
8530
8866
9378
9810
10274
10706
11186
11666
12082
12547
12979
13491
13939
14387
14803
15171
15587
15827
16179
16388
16612
16900
17092
17316
17460
17572
17684
17796
17924
17988
18020
18084
18132
18164
18148
18180
18164
18100
18100
18068
18004
17924
17876
17764
17796
17572
17460
17316
17204
17076
16964
16788
16612
16468
16355
16179
16019
15859
15731
15587
15331
15139
14899
14771
14483
14131
13843
13571
13283
12995
12226
11858
11570
11362
11154
10946
10834
10578
10466
10338
10258
10242
10178
10178
10130
10162
10274
10338
10402
10530
10690
10898
11202
11426
11714
11986
12307
12643
12995
13395
13747
14179
14531
14867
15251
15571
15907
16163
16355
16596
16804
17028
17188
17348
17492
17620
17732
17844
17940
18004
18052
18100
18148
18212
18228
18196
18180
18180
18116
18052
17972
17940
17876
17764
17684
17588
17460
17348
17204
17060
16932
16788
16612
16500
16323
16179
16019
15875
15747
15507
15283
15091
14899
14675
14403
14099
13843
13603
13299
13027
12691
12371
12130
11842
11570
11346
11138
5681
6209
7041
7777
8322
9026
9778
10354
10914
11474
12066
12643
13187
13731
14211
14627
15011
15379
15747
16003
16291
16516
16772
17076
17236
17300
17428
17572
17732
17812
17876
17956
18020
18100
18052
18052
18052
18068
18020
17956
17940
17892
17828
17844
17588
17540
17380
17316
17140
17028
16900
16740
16596
16500
16307
16147
15987
15827
15715
15523
15315
15123
14899
14691
14339
14115
13843
13587
13251
12979
12707
12435
12146
11874
11698
11362
11106
10882
10770
10626
10466
10386
10306
10306
10178
10162
10162
10178
10290
10370
10546
10674
10898
11154
11410
11682
11986
12451
12723
12947
13315
13715
14115
14483
14883
15235
15539
16003
16179
16323
16548
16772
17012
17156
17300
17476
17604
17796
17828
17940
17988
18020
18100
18180
18196
18180
18180
18180
18116
18100
18100
17988
17940
17860
17812
17716
17604
17492
17364
17220
17060
16948
16804
16660
16532
16355
16211
16051
15939
15747
15571
15331
15171
14947
14723
3600
4881
6049
7121
8065
8850
9698
10546
11314
12002
12723
13331
13843
14307
14771
15139
15555
15843
20757
20901
20613
20356
20100
19796
19524
19252
19044
18740
18628
18260
18004
17796
17556
17364
17140
16964
16772
16516
16355
16163
15971
15747
15491
15299
15027
14787
14499
14147
13875
13571
13331
13011
12675
12371
12098
11810
11458
11266
11026
10818
10642
10498
10450
10258
10242
10210
10146
10178
10178
10210
10322
10434
10674
10722
10946
11186
11458
11730
12050
12451
12803
13059
13459
13827
14227
14595
15027
15379
15683
15971
16275
16516
16708
16900
17108
17300
17428
17572
17684
17828
17876
18020
18068
18100
18148
18196
18196
18260
18212
18212
18132
18116
18052
18068
17940
17876
17828
17668
17556
17412
17300
17156
17060
16900
16724
16548
16452
16291
16147
15955
15795
15651
15491
15251
15043
14819
14627
14291
14067
13795
13475
13219
12899
12627
12323
12050
11842
11426
11266
11042
10818
10658
10530
10434
10306
10210
10178
10130
10162
10130
10210
10274
10386
10578
10754
10898
11138
11410
11698
11986
12323
12691
13027
13395
13747
14227
14579
14915
15267
15651
16067
16275
16404
16644
16852
17076
17220
17380
21925
21861
21509
21061
20677
20276
19956
19604
19252
18948
18644
18356
18084
17812
17540
17284
17060
16852
16596
16388
16179
15923
15651
15411
15155
14867
14563
14259
13987
13635
13379
13027
12755
12387
12082
11810
11554
11330
11090
10898
10706
10530
10402
10322
10274
10178
10130
10130
10162
10242
10290
10402
10546
10722
10914
11202
11474
11762
12050
12355
12835
13091
13443
13795
14179
14611
15011
15347
15667
16003
16275
16804
17012
17204
17332
17476
17604
17748
17924
17972
18020
18100
18132
18212
18244
18260
18228
18260
18228
18212
18148
18100
18052
17988
17924
17828
17684
17572
17492
17348
17236
17092
16964
16820
16660
16564
16420
16163
16051
15907
15747
15555
15331
15139
14979
14819
14531
14147
13875
13587
13363
13011
12739
12451
12162
12002
11586
11346
11122
10914
10754
10578
10434
10370
10274
10194
10162
10114
10130
10130
10210
10290
10466
10626
10786
11026
11218
11554
11842
12130
12467
12851
13251
13651
13971
14339
14755
15107
15443
15763
16067
16291
16644
16836
16932
17156
17252
17444
17588
17732
17812
12995
11794
11394
11186
11042
10914
10850
10882
10754
10834
10946
11010
11138
11346
11650
11858
12098
12419
12739
13075
13427
13795
14211
14611
14947
15299
15667
16003
16291
16532
16740
17076
17156
17348
17444
17572
17748
17876
17988
18084
18100
18228
18260
18212
18228
18228
18244
18212
18372
18324
18196
18180
18100
17972
17876
17764
17668
17492
17332
17204
17044
16932
16772
16580
16436
16307
16131
15971
15827
15683
15411
15283
15043
14819
14563
14275
14019
13715
13411
13139
12819
12531
12242
11986
11682
11426
11298
11074
10802
10594
10466
10338
10274
10242
10146
10146
10162
10146
10242
10274
10386
10546
10722
10978
11218
11442
11714
12034
12419
12755
13107
13443
13843
14243
14627
14995
15347
15635
15971
16211
16468
16676
16900
17092
17284
17412
17556
17684
17812
17940
18004
18052
18116
18180
18244
18180
18180
18180
18180
18148
18100
18068
18020
18068
17908
17780
17652
17588
17444
17332
17188
17044
16868
16740
16596
16436
16291
16131
16003
15827
15683
15491
15299
15123
14883
14627
14387
14083
13859
13491
6737
6497
6785
7201
7521
7937
8177
8578
8770
9154
9554
9986
10338
10754
11170
11586
12066
12483
12851
13283
13699
14211
14611
14995
15347
15683
16099
16275
16484
16676
16900
17108
17252
17428
17604
17700
17844
17876
17972
18052
18100
18132
18148
18180
18196
18148
18116
18148
18052
17972
17892
17844
17764
17700
17588
17428
17348
17188
17044
16900
16708
16564
16452
16291
16147
16003
15939
15699
15459
15251
15091
14883
14595
14355
14099
13795
13539
13267
12963
12627
12339
12098
11810
11522
11298
11074
11010
10642
10498
10402
10306
10194
10146
10146
10146
10130
10194
10258
10370
10530
10674
10834
11106
11490
11682
11938
12258
12595
12931
13347
13715
14115
14499
14851
15187
15571
15891
16131
16388
16612
16836
17076
17204
17348
17508
17636
17732
17876
17972
18052
18228
18180
18148
18180
18212
18196
18148
18148
18100
18068
18052
18004
17860
17748
17684
17604
17476
17332
17188
17076
16996
16740
16612
16468
16323
16195
16003
15811
15635
15459
15251
14979
14723
14467
14147
13891
13603
13331
13011
12723
12387
12130
11826
5457
5681
6337
6977
7617
8177
8642
9234
9858
10386
10946
11458
12002
12563
13011
13587
14035
14531
14931
15299
15683
15923
16211
16420
16676
16932
17108
17252
17412
17556
17732
17812
17828
17924
17956
18068
18068
18100
18116
18100
18148
18084
18020
17956
17876
17844
17732
17652
17524
17444
17380
17204
17028
16900
16724
16612
16468
16291
16163
15971
15859
15811
15523
15283
15139
14899
14627
14387
14115
13827
13571
13235
12963
12691
12387
12162
11858
11570
11314
11090
10914
10690
10546
10434
10338
10242
10194
10194
10178
10130
10162
10242
10386
10514
10658
10834
11090
11474
11682
11874
12194
12531
12867
13315
13667
14019
14419
14851
15155
15491
15795
16019
16339
16548
16804
16948
17140
17348
17524
17620
17732
17844
17940
18020
18052
18100
18180
18276
18196
18196
18180
18148
18132
18068
18004
17972
17908
17908
17812
17588
17476
17332
17252
17092
16964
16804
16676
16596
16436
16179
16035
15907
15763
15603
15395
15187
14995
14803
14515
14179
13907
13635
13379
13075
12819
12499
12194
12050
11602
11426
11170
10962
5521
6145
6929
7681
8258
8978
9682
10322
10962
11538
12194
12803
13331
13843
14307
14771
15203
15491
15811
16051
16371
16628
16852
17044
17220
17444
17556
17668
17748
17812
17892
17972
18020
18052
18052
18132
18052
18036
18004
17940
17924
17844
17780
17748
17604
17476
17332
17220
17092
16948
16804
16692
16516
16339
16211
16051
15923
15763
15587
15411
15203
14995
14771
14515
14211
13907
13651
13363
13027
12787
12483
12194
11938
11618
10882
10690
10546
10306
10210
10146
10066
10034
10002
10002
10034
10066
10114
10194
10370
10530
10690
10946
11234
11506
11778
12130
12563
12835
13187
13539
13907
14339
14803
15155
15395
15715
16067
16291
16580
16772
16916
17124
17236
17412
17572
17700
17844
17924
18084
18148
18116
18100
18164
18196
18228
18180
18148
18116
18100
18004
18004
17924
17812
17732
17636
17556
17380
17220
17092
16948
16852
16708
16564
16388
16227
16083
15939
15795
15587
15347
15203
15011
14755
14483
14211
13987
13779
13395
13059
12771
12499
12226
11906
11618
11394
11298
11042
10754
10578
10450
10370
10274
20356
19684
19204
18756
18276
17876
17444
16996
16660
16259
15891
15443
15027
14659
14259
13875
13507
13187
12851
12483
12242
11906
11554
11330
11106
10882
10690
10578
10498
10370
10290
10242
10242
10258
10274
10370
10338
10466
10626
10914
11170
11506
11778
12098
12467
12819
13171
13587
14003
14467
14819
15171
15571
15827
16131
16388
16596
16804
16996
17204
17380
17508
17764
17764
17844
17940
18020
18052
18116
18196
18212
18180
18244
18276
18148
18100
18052
18020
17972
17924
17812
17716
17700
17556
17380
17188
17076
16948
16820
16692
16532
16388
16227
16083
15891
15747
15587
15395
15187
14979
14723
14515
14227
13971
13651
13411
13091
12835
12547
12242
11954
11698
11458
11234
10946
10770
10594
10498
10418
10322
10194
10162
10258
10114
10130
10194
10306
10450
10594
10770
10962
11266
11474
11746
12114
12451
12787
13171
13507
13891
14339
14691
14995
15331
15747
16019
16275
16532
16708
16980
17124
17252
17428
17508
17684
17796
17892
17988
18004
18132
18148
18148
18180
18148
18164
18132
18148
18084
18052
19540
19060
18580
18164
17716
17316
16932
16548
16147
15731
15331
14899
14547
14179
13811
13443
13107
12723
12387
12082
11746
11458
11186
10962
10786
10626
10482
10402
10370
10290
10258
10242
10258
10306
10370
10514
10674
10850
11058
11330
11570
11858
12162
12515
12851
13219
13619
13987
14371
14771
15139
15507
15811
16099
16339
16596
16804
16996
17172
17348
17508
17620
17748
17844
17956
18036
18084
18132
18180
18212
18196
18228
18260
18180
18100
18084
18020
18004
17924
17828
17700
17684
17540
17412
17236
17108
16996
16852
16692
16548
16371
16291
16067
15923
15779
15587
15395
15235
15043
14803
14531
14291
14003
13715
13459
13107
12819
12563
12258
11954
11698
11458
11250
11026
10770
10626
10498
10434
10306
10242
10210
10194
10178
10162
10210
10274
10450
10626
10754
10930
11202
11522
11794
12018
12403
12707
13059
13443
13795
14163
14611
14979
15299
15619
16163
16452
16676
16868
17092
17316
17428
17556
17684
17828
17956
17972
18052
18084
18180
18180
18196
18212
18196
18212
18196
18084
18020
17972
17972
17908
17796
18468
17924
17428
16996
16580
16323
15699
15267
14899
14483
14099
13667
13331
12979
12627
12307
11922
11666
11410
11202
10946
10722
10754
10546
10370
10322
10274
10290
10274
10290
10338
10434
10722
10770
10930
11170
11410
11682
12002
12307
12643
12995
13363
13731
14147
14515
14915
15283
15587
15971
16259
16404
16644
16804
17044
17236
17380
17540
17652
17860
17972
17940
18036
18100
18148
18180
18212
18212
18212
18148
18116
18116
18068
18036
17956
17892
17796
17700
17604
17476
17316
17220
17076
16932
16804
16644
16532
16420
16163
15971
15843
15715
15555
15315
15139
14899
14675
14419
14115
13875
13651
13283
12947
12643
12419
12162
11858
11570
11330
11138
10898
10690
10514
10418
10290
10210
10290
10130
10130
10114
10146
10242
10370
10482
10642
10834
11122
11346
11618
11922
12242
12579
12947
13283
13651
14051
14435
14787
15171
15539
15811
16099
16355
16612
16868
16980
17204
17332
17492
17636
17796
17892
17972
18068
18068
18132
18180
18212
18196
18196
18180
18132
18116
18100
17988
17956
17876
17812
17732
17604
17828
17172
16708
16291
15843
15411
14995
14563
14227
13827
13459
13059
12723
12387
12066
11730
11442
11218
11010
10786
10626
10514
10402
10338
10258
10274
10274
10306
10354
10450
10674
10802
10898
11106
11346
11650
11954
12274
12595
12947
13363
13731
14083
14419
14819
15203
15571
15875
16131
16371
16772
16868
16964
17124
17300
17476
17620
17716
17860
17924
18004
18180
18116
18180
18148
18196
18196
18404
18388
18308
18212
18180
18196
18004
17844
17716
17588
17540
17332
17204
17076
16916
16836
16676
16420
16227
16099
15955
15811
15635
15411
15235
15107
14819
14531
14243
13955
13715
13475
13123
12851
12547
12355
12050
11666
11410
11186
11026
10786
10626
10450
10338
10274
10242
10194
10178
10178
10178
10242
10306
10418
10578
10722
10962
11218
11474
11746
12050
12387
12739
13091
13491
13859
14211
14611
15011
15331
15667
15971
16211
16468
16708
16868
17076
17252
17380
17540
17700
17812
17908
18004
18084
18148
18148
18212
18180
18180
18308
18212
18116
18068
18020
17988
18068
17892
17732
17652
17540
17428
17316
17172
11474
12931
13619
14163
14691
15123
15619
15875
16035
16291
16468
16676
16820
16916
16964
17060
17204
17124
17156
17108
17092
17076
17028
16948
16820
16724
16644
16516
16404
16275
16131
15971
15811
15683
15523
15283
15123
14883
14643
14483
14163
13795
13523
13235
12947
12707
12419
12114
11826
11554
11298
11106
10882
10706
10530
10418
10338
10242
10178
10130
10130
10162
10194
10274
10370
10514
10770
10882
11090
11362
11602
11922
12242
12611
12963
13315
13779
14019
14419
14819
15107
15491
15795
16131
16355
16580
16804
16964
17124
17316
17476
17620
17732
17828
17940
18004
18180
18116
18132
18180
18132
18180
18196
18180
18116
18084
18068
17988
17892
17764
17668
17620
17540
17364
17204
17092
16996
16868
16660
16452
16323
16211
16067
15907
15763
15571
15427
15155
14963
14723
14467
14227
13939
13651
13379
13075
12883
12547
12210
11922
11618
11410
11170
10962
10786
10626
10466
10306
10274
10242
10162
10130
10130
10194
10258
10306
10578
10562
10802
11026
11266
11538
11826
12178
12483
12819
13139
13555
13955
14323
19428
19908
19892
19780
19620
19540
19428
19316
19204
19092
19028
18836
18740
18644
18484
18356
18196
18100
17956
17812
17652
17412
17316
17172
16964
16788
16628
16468
16307
16147
15939
15763
15635
15427
15187
14947
14755
14595
14227
13875
13571
13283
12995
12707
12435
12114
11826
11586
11298
11090
10866
10690
10546
10386
10322
10258
10210
10178
10194
10146
10178
10258
10386
10514
10674
10898
11138
11394
11650
11954
12291
12627
12979
13347
13747
14131
14531
14883
15267
15571
15907
16163
16420
16644
16852
17028
17188
17332
17540
17652
17748
17876
17972
18052
18100
18132
18180
18228
18212
18180
18148
18148
18180
18100
18020
17940
18052
17764
17668
17604
17444
17364
17204
17092
16916
16740
16612
16452
16323
16147
16019
15843
15699
15491
15315
15123
14883
14611
14371
14083
13795
13507
13251
12947
12659
12387
12114
11410
11090
10898
10722
10514
10418
10274
10242
10146
10114
10066
10066
10082
10146
10146
10322
10466
10626
10786
11058
11426
11650
11842
12194
12515
12915
13283
13667
14035
14419
14851
15155
15523
15795
20821
21125
20981
20741
20485
20164
19940
19716
19524
19300
19140
18948
18724
18644
18324
18132
17940
17732
17540
17364
17172
16964
16772
16644
16404
16211
16051
15843
15651
15443
15283
14995
14739
14499
14147
13891
13603
13299
13011
12739
12451
12130
11858
11618
11442
11138
10930
10706
10578
10498
10338
10274
10210
10210
10178
10162
10178
10258
10370
10530
10658
10946
11074
11362
11618
11954
12242
12611
12979
13315
13763
14131
14467
14835
15171
15571
15891
16179
16404
16596
16868
17044
17204
17348
17492
17620
17748
17892
17988
18004
18100
18116
18164
18212
18212
18180
18180
18148
18116
18100
18084
17908
17876
17780
17716
17620
17492
17380
17236
17108
16948
16724
16660
16516
16323
16227
16051
15923
15763
15587
15459
15203
14995
14723
14451
14163
13907
13635
13347
13059
12755
12467
12178
12034
11698
11346
11170
10930
10770
10578
10434
10306
10258
10242
10130
10146
10162
10178
10242
10338
10434
10690
10802
11010
11234
11554
11842
12194
12499
12851
13267
13587
13955
14355
14755
15107
15459
15779
16035
16291
21237
21445
21173
20837
20565
20308
20052
19780
19524
19300
19156
18868
18644
18436
18196
17956
17732
17572
17364
17124
16948
16708
16532
16355
16179
15987
15795
15571
15379
15107
14819
14531
14275
14019
13715
13395
13107
12867
12547
12194
11874
11650
11394
11186
10978
10754
10562
10594
10338
10258
10178
10178
10162
10146
10194
10242
10370
10466
10594
10818
10978
11234
11586
11922
12258
12627
13043
13491
13779
14163
14563
15027
15331
15683
15987
16259
16564
16820
16932
17092
17236
17428
17572
17700
17812
17924
18052
18100
18100
18116
18132
18180
18180
18180
18180
18132
18068
18052
17988
17940
17796
17732
17620
17540
17460
17300
17156
17028
16852
16788
16548
16420
16275
16099
15971
15827
15651
15459
15283
15107
14803
14595
14307
14051
13779
13507
13203
12899
12627
12387
12178
11746
11490
11266
11058
10834
10690
10514
10418
10290
10162
10162
10178
10130
10146
10162
10306
10338
10530
10658
10898
11170
11442
11762
12034
12323
12675
13043
13411
13763
14163
14563
14931
15283
15587
15923
16179
16436
16660
16884
17060
11266
10434
10306
10306
10386
10530
10626
10882
11058
11266
11522
11746
12082
12403
12739
13155
13475
13875
14211
14675
15059
15427
15747
16051
16388
16596
16788
17332
17508
17652
17828
17940
18004
18100
18180
18228
18260
18260
18340
18340
18356
18276
18260
18228
18196
18116
18020
17956
17908
17812
17716
17588
17476
17332
17220
17060
16964
16724
16596
16452
16307
16147
16019
15875
15731
15507
15315
15123
14851
14627
14355
14131
13827
13539
13235
12979
12739
12403
12082
11778
11506
11282
11058
10850
10722
10514
10386
10274
10242
10210
10162
10146
10162
10322
10306
10386
10498
10658
10914
11138
11394
11666
11970
12291
12611
12979
13331
13731
14115
14531
14883
15235
15571
15891
16131
16404
16612
16836
17028
17204
17348
17588
17668
17748
17828
17988
18068
18100
18116
18180
18228
18308
18196
18148
18100
18116
18084
18004
17956
17876
17924
17684
17572
17428
17316
17236
17092
16948
16788
16644
16612
16436
16163
16003
15827
15715
15555
15315
15123
14915
14787
14499
14115
13843
13587
13315
13011
12707
12435
5825
5793
6337
6913
7441
7969
8322
8866
9378
9858
10370
10882
11346
11826
12339
12867
13315
13779
14307
14691
15059
15411
15747
16035
16291
16532
16740
16948
17156
17300
17460
17588
17668
17828
17924
17972
18004
18084
18164
18148
18148
18132
18068
18068
18068
18004
17924
17844
17748
17716
17572
17460
17332
17172
17060
16932
16804
16612
16484
16323
16163
16035
15875
15715
15555
15363
15171
14979
14723
14451
14163
13923
13619
13331
13059
12755
12467
12162
11906
11666
11394
11170
10930
10770
10626
10482
10386
10290
10258
10194
10178
10210
10162
10242
10322
10466
10658
10802
11074
11266
11554
11810
12146
12483
12851
13203
13587
13923
14371
14723
15091
15427
15731
16003
16291
16532
16708
16916
17092
17268
17444
17588
17700
17844
17940
18004
18084
18100
18180
18180
18196
18212
18164
18132
18116
18292
18276
18196
18052
17956
17812
17716
17588
17396
17236
17124
16948
16804
16644
16500
16323
16163
16035
15891
15699
15443
15283
15107
14803
14595
14275
14035
13779
13459
13155
12899
12531
12242
12002
11698
11458
11218
5441
5905
6657
7393
8145
8658
9314
9938
10546
11170
11714
12323
12883
13411
13907
14387
14803
15203
15555
15907
16147
16404
16644
16852
17076
17220
17380
17540
17668
17812
17844
17924
17988
18068
18084
18084
18148
18180
18052
18004
17972
17924
17892
17796
17716
17620
17572
17364
17252
17108
16964
16836
16724
16580
16404
16227
16083
15907
15811
15635
15411
15251
15027
3392
4561
5633
6641
7489
8210
9026
9810
10578
11266
11922
12659
13139
13731
14211
14675
15107
15427
15747
16051
16404
16564
16820
17044
17188
17364
17508
17636
17796
17796
17860
17908
17972
18020
18020
18004
17972
18052
17988
17860
17796
17716
17668
17556
17476
17348
17188
17156
16948
16820
16644
16500
16339
16227
16083
15907
15747
15619
15395
15219
14979
14771
14515
14243
13971
13699
13395
13155
12819
12547
12242
11954
11650
11458
11202
10978
10786
10626
10434
10354
10290
10258
10210
10146
10194
10194
10178
10290
10418
10562
10754
10978
11314
11474
11762
12082
12435
12771
13123
13523
13923
14275
14675
15075
15411
15683
15971
16275
16516
16788
21557
21653
21397
20965
20645
20324
20052
19812
19524
19268
18996
18916
18452
18228
17956
17732
17540
17332
17124
16900
16676
16596
16291
16083
15811
15587
15395
15123
14787
14483
14179
13955
13635
13315
12995
12739
12483
12194
11842
11602
11314
11090
10914
10706
10578
10466
10450
10258
10210
10146
10130
10146
10210
10322
10386
10530
10674
10898
11154
11410
11666
12002
12339
12739
12979
13363
13779
14147
14547
14915
15299
15635
15955
16323
16484
16628
16868
17044
17220
17412
17572
17700
17764
17988
18068
18020
18084
18100
18196
18228
18228
18212
18180
18180
18100
18084
18052
17972
17892
17812
17700
17556
17476
17460
17188
17044
16868
16772
16628
16468
16323
16163
16035
15955
15763
15523
15331
15123
14931
14675
14419
14099
13859
13635
13379
12963
12675
12419
12178
11810
11570
11314
11106
10882
10690
10562
10434
10338
10258
10242
10194
10178
10162
10194
10242
10338
10498
10674
10834
11074
11394
11666
11874
12194
12515
12899
13251
13635
14019
14387
14755
15123
15443
15795
16051
16307
16516
16740
16948
17156
17332
15507
13283
12739
12355
12066
11842
11618
11362
11298
11202
11154
11154
11218
11346
11442
11554
11794
11986
12226
12531
12867
13187
13523
13875
14243
14643
14995
15363
15667
16035
16323
16532
16724
16932
17124
17316
17460
17636
17748
17892
18100
18116
18100
18180
18196
18244
18276
18244
18244
18244
18276
18180
18084
18052
17972
17940
17812
17716
17636
17508
17380
17220
17124
16996
16820
16644
16532
16355
16227
16051
15907
15763
15603
15395
15187
14979
14755
14483
14227
13907
13635
13395
13107
12835
12483
12210
12066
11730
11410
11202
10962
10802
10642
10466
10386
10290
10210
10210
10178
10162
10178
10242
10322
10450
10594
10770
10978
11282
11554
11794
12098
12467
12899
13123
13507
13907
14339
14691
15059
15395
15683
16003
16291
16548
16692
16884
17060
17252
17412
17540
17652
17796
17892
18004
18004
18100
18116
18164
18244
18212
18180
18148
18180
18180
18068
17956
17892
17844
17764
17700
17556
17444
17380
17156
17044
16868
16724
16548
16452
16275
16099
15939
15827
15651
15443
15251
15075
14819
14563
14275
7889
7377
7601
7745
8081
8177
8338
8530
8786
9154
9394
9554
9858
10146
10546
10898
11218
11618
11986
12419
12787
13203
13603
14019
14435
14851
15203
15555
15843
16099
16388
16612
16852
17028
17204
17380
17556
17652
17748
17892
17940
18004
18068
18116
18164
18196
18148
18180
18116
18116
18068
18004
17972
17924
17828
17748
17620
17540
17444
17284
17156
16996
16868
16740
16548
16452
16259
16099
15955
15811
15651
15427
15235
15075
14819
14723
14259
14019
13731
13411
13139
12851
12563
12258
11938
11650
11426
11218
11042
10802
10610
10498
10482
10258
10210
10146
10162
10162
10146
10242
10306
10434
10562
10578
10850
11138
11490
11810
12162
12515
12915
13315
13699
14083
14499
14867
15251
15571
15843
16147
16371
16612
16788
17028
17236
17380
17556
17668
17876
17876
17972
18052
18052
18132
18180
18212
18180
18148
18244
18148
18084
18004
17956
17924
17844
17796
17668
17556
17460
17332
17172
17044
16916
16740
16596
16468
16291
16131
15955
15827
15683
15475
15283
15107
14867
14627
14387
14115
13827
13507
13203
12931
12611
5953
5985
6337
6849
7393
7873
8210
8722
9218
9714
10162
10642
11106
11618
12226
12563
13011
13491
13971
14387
14803
15235
15587
15843
16099
16371
16612
16900
17044
17220
17380
17604
17684
17764
17844
17924
18052
18068
18100
18116
18148
18228
18100
18116
18052
17988
17956
17876
17812
17716
17636
17556
17444
17252
17108
17028
16852
16676
16564
16436
16307
16163
15939
15971
15635
15507
15251
15075
14851
14611
14339
14083
13763
13523
13251
12931
12579
12291
12018
11746
11538
11266
11026
10850
10658
10530
10402
10306
10242
10178
10194
10114
10130
10178
10258
10370
10562
10722
10930
11154
11410
11666
12034
12323
12675
13027
13411
13827
14243
14531
14883
15235
15603
15923
16163
16420
16644
16948
17044
17188
17364
17540
17668
17764
17876
17956
18020
18196
18148
18148
18180
18196
18180
18148
18132
18116
18036
18100
17988
17844
17748
17668
17572
17444
17316
17188
17076
17012
16724
16580
16468
16323
16131
16019
15827
15747
15507
15299
15075
14915
14659
14387
14115
13843
13539
13283
12995
12771
12339
12114
11794
11538
5409
5713
6433
7137
7809
8354
8930
9618
10098
10690
11282
11810
12355
12931
13459
13939
14371
14787
15187
15555
15843
16468
16740
16948
17140
17380
17460
17604
17716
17844
17940
17988
18004
18132
18068
18116
18116
18084
18068
18068
18052
17972
17876
17924
17748
17684
17508
17428
17316
17188
17060
16868
16724
16644
16436
16291
16147
15971
15875
15715
15523
15347
15091
14899
14659
14387
14099
13827
13539
13251
12979
12691
12355
12066
11810
11570
11314
11074
10898
10690
10514
10418
10306
10242
10162
10114
10178
10210
10146
10242
10322
10530
10674
10882
11090
11362
11778
11922
12307
12611
12979
13331
13731
14099
14483
14851
15267
15539
15843
16099
16339
16596
16804
16996
17204
17332
17604
17588
17748
17844
17924
18004
18100
18148
18180
18180
18276
18180
18164
18132
18100
18068
18052
17972
17876
17780
17828
17620
17460
17316
17172
17092
16948
16804
16644
16468
16436
16291
16035
15859
15699
15555
15363
15155
14947
14691
14451
14147
13859
13571
13331
13043
12739
12435
12194
11858
11602
11330
11154
10946
10754
10530
19940
19412
18900
18404
17892
17460
17028
16612
16195
15715
15299
14915
14515
14099
13699
13347
12979
12627
12242
11954
11634
11410
11170
10914
10770
10658
10530
10418
10354
10306
10274
10290
10290
10370
10498
10642
10786
11010
11250
11474
11778
12082
12387
12723
13123
13459
13843
14243
14643
14995
15379
15715
16019
16259
16548
16740
16948
17172
17284
17444
17572
17732
17796
17892
18004
18068
18116
18148
18196
18228
18244
18196
18148
18180
18116
18052
18004
17956
17876
17764
17684
17556
17444
17348
17172
17044
16900
16772
16580
16452
16307
16147
15971
15843
15699
15507
15283
15139
14883
14611
14387
14083
13795
13539
13235
12931
12675
12387
12082
11794
11554
11298
11074
10882
10706
10514
10434
10354
10242
10210
10210
10178
10162
10210
10322
10418
10546
10754
10914
11170
11426
11714
11970
12307
12643
13011
13363
13795
14115
14531
14899
15267
15555
15891
16163
16371
16612
16852
17028
17204
17364
17524
17636
17732
17876
17956
18004
18116
18116
18132
18196
18196
18148
18196
18148
18100
18084
18004
17940
19076
18580
18132
17636
17220
16820
16420
16019
15571
15203
14771
14371
13987
13603
13219
12867
12547
12194
11874
11650
11362
11170
10962
10770
10594
10530
10450
10338
10274
10306
10258
10274
10370
10466
10594
10770
10994
11218
11490
11746
12066
12371
12723
13091
13443
13843
14227
14627
15011
15363
15667
15971
16259
16468
16708
16900
17076
17284
17428
17556
17716
17812
17924
18004
18052
18132
18132
18196
18212
18228
18196
18180
18148
18100
18084
17988
17924
17876
17796
17684
17572
17476
17332
17172
17092
16900
16772
16612
16468
16307
16179
16003
15795
15619
15443
15187
14979
14755
14435
14163
13891
13603
13315
12995
12739
12435
12162
11874
11650
11394
11170
10962
10770
10578
10466
10354
10258
10210
10146
10162
10178
10194
10274
10402
10530
10690
10850
11106
11362
11618
11922
12258
12579
12899
13315
13667
14019
14435
14803
15139
15491
15811
16083
16323
16548
16788
16980
17156
17348
17476
17620
17732
17876
17940
18020
18068
18132
18164
18196
18228
18196
18180
18164
18116
18068
18004
17988
17892
17828
17716
17652
17860
17284
16772
16355
15907
15459
15075
14675
14291
13875
13491
13123
12771
12435
12082
11746
11538
11234
11026
10834
10690
10530
10466
10338
10290
10274
10274
10290
10370
10450
10578
10690
10914
11106
11394
11618
11922
12274
12595
12947
13363
13715
14051
14467
14819
15187
15539
15843
16099
16404
16644
16836
17044
17332
17396
17476
17620
17748
17892
17972
18020
18068
18148
18212
18212
18212
18212
18180
18180
18116
18068
18004
17956
17892
17828
17700
17604
17476
17364
17236
17092
16932
16820
16612
16516
16355
16211
16035
15891
15779
15555
15331
15139
14915
14723
14435
14163
13875
13603
13379
12947
12707
12387
12146
11858
11570
11346
11154
10946
10850
10642
10450
10370
10274
10210
10178
10162
10210
10194
10258
10370
10530
10690
10898
11090
11346
11730
11970
12210
12515
12883
13251
13635
14035
14419
14771
15187
15443
15795
16067
16307
16580
16788
16964
17156
17300
17508
17604
17716
17844
17972
18052
18084
18180
18212
18196
18196
18212
18180
18148
18132
18116
18020
18084
17876
17812
17732
17588
17492
17364
17252
