; This gcode is generated by my specialised python script for my PCB manufacturer project :))

; Machine Initialization Sequence...

G21 ; to set metric units
G90 ; to set absolute mode , G91 for incremental mode
G94 ; To set the active feed rate mode to units per minute mode

M5 ; disabling spindle PWM
C0 ; Choosing the empty tool slot in the multiplexer circuits

B1 ; Turn ON Machine

$H ; Homing :)
G10 P0 L20 X0.0Y0.0Z0.0 ; Force Reset current coordinates after homing


; The following gcode is the PCB trace laser marking gcode

M5 ; Being extra sure it won't light up before activation

; Getting and Activating Tool-1, The Tool.Laser
G00X165.0Y0.0Z10.5 ; Go to Tool-1 Home Pos
G00X188 ; Enter Female Kinematic Mount Home Pos
A1 ; Latch on Kinematic Mount
G4 P5 ; Wait for Kinematic Mount to fully attach
G00X92 ; Exit Female Kinematic Mount Home Pos
#TODO X0.0Y0.0Z0.0 ;  ;Add tool offset coordinate
C1 ; Choosing tool 1 in the choose demultiplexer circuits

F400 ; setting default feedrate

G00Z16 ; Moving to correct focal length Z position

S200 ; Setting Laser Power

; Number of passes: 1

; Pass number: 1
G01 X64.262Y52.999
M3
G01 X64.312Y52.932
G01 X64.355Y52.861
G01 X64.39Y52.785
G01 X64.418Y52.707
G01 X64.439Y52.626
G01 X64.451Y52.543
G01 X64.455Y52.46
G01 X64.451Y52.377
G01 X64.439Y52.294
G01 X64.418Y52.213
G01 X64.39Y52.135
G01 X64.355Y52.059
G01 X64.312Y51.988
G01 X64.262Y51.921
G01 X64.206Y51.859
G01 X64.144Y51.803
G01 X64.077Y51.753
G01 X64.006Y51.71
G01 X63.93Y51.675
G01 X63.852Y51.647
G01 X63.771Y51.626
G01 X63.688Y51.614
G01 X63.605Y51.61
G01 X63.522Y51.614
G01 X63.439Y51.626
G01 X63.358Y51.647
G01 X63.28Y51.675
G01 X63.204Y51.71
G01 X63.133Y51.753
G01 X63.066Y51.803
G01 X63.004Y51.859
G01 X62.948Y51.921
G01 X62.898Y51.988
G01 X62.855Y52.059
G01 X62.82Y52.135
G01 X62.792Y52.213
G01 X62.771Y52.294
G01 X62.759Y52.377
G01 X62.755Y52.46
G01 X62.759Y52.543
G01 X62.771Y52.626
G01 X62.792Y52.707
G01 X62.82Y52.785
G01 X62.855Y52.861
G01 X62.898Y52.932
G01 X62.948Y52.999
G01 X63.004Y53.061
G01 X63.066Y53.117
G01 X63.133Y53.167
G01 X63.204Y53.21
G01 X63.28Y53.245
G01 X63.358Y53.273
G01 X63.439Y53.294
G01 X63.522Y53.306
G01 X63.605Y53.31
G01 X63.688Y53.306
G01 X63.771Y53.294
G01 X63.852Y53.273
G01 X63.93Y53.245
G01 X64.006Y53.21
G01 X64.077Y53.167
G01 X64.144Y53.117
G01 X64.206Y53.061
G01 X64.262Y52.999
G01 X64.262Y52.999
M5
G01 X64.262Y50.459
M3
G01 X64.312Y50.392
G01 X64.355Y50.321
G01 X64.39Y50.245
G01 X64.418Y50.167
G01 X64.439Y50.086
G01 X64.451Y50.003
G01 X64.455Y49.92
G01 X64.451Y49.837
G01 X64.439Y49.754
G01 X64.418Y49.673
G01 X64.39Y49.595
G01 X64.355Y49.519
G01 X64.312Y49.448
G01 X64.262Y49.381
G01 X64.206Y49.319
G01 X64.144Y49.263
G01 X64.077Y49.213
G01 X64.006Y49.17
G01 X63.93Y49.135
G01 X63.852Y49.107
G01 X63.771Y49.086
G01 X63.688Y49.074
G01 X63.605Y49.07
G01 X63.522Y49.074
G01 X63.439Y49.086
G01 X63.358Y49.107
G01 X63.28Y49.135
G01 X63.204Y49.17
G01 X63.133Y49.213
G01 X63.066Y49.263
G01 X63.004Y49.319
G01 X62.948Y49.381
G01 X62.898Y49.448
G01 X62.855Y49.519
G01 X62.82Y49.595
G01 X62.792Y49.673
G01 X62.771Y49.754
G01 X62.759Y49.837
G01 X62.755Y49.92
G01 X62.759Y50.003
G01 X62.771Y50.086
G01 X62.792Y50.167
G01 X62.82Y50.245
G01 X62.855Y50.321
G01 X62.898Y50.392
G01 X62.948Y50.459
G01 X63.004Y50.521
G01 X63.066Y50.577
G01 X63.133Y50.627
G01 X63.204Y50.67
G01 X63.28Y50.705
G01 X63.358Y50.733
G01 X63.439Y50.754
G01 X63.522Y50.766
G01 X63.605Y50.77
G01 X63.688Y50.766
G01 X63.771Y50.754
G01 X63.852Y50.733
G01 X63.93Y50.705
G01 X64.006Y50.67
G01 X64.077Y50.627
G01 X64.144Y50.577
G01 X64.206Y50.521
G01 X64.262Y50.459
G01 X64.262Y50.459
M5
G01 X62.755Y46.53
M3
G01 X62.755Y48.23
G01 X64.455Y48.23
G01 X64.455Y46.53
G01 X62.755Y46.53
G01 X62.755Y46.53
M5
G01 X64.262Y45.379
M3
G01 X64.291Y45.34
G01 X64.458Y45.34
G01 X66.711Y47.594
G01 X66.748Y47.627
G01 X66.787Y47.656
G01 X66.829Y47.681
G01 X66.874Y47.702
G01 X66.92Y47.718
G01 X66.967Y47.73
G01 X67.016Y47.738
G01 X67.065Y47.74
G01 X68.101Y47.74
G01 X68.107Y47.748
G01 X68.159Y47.806
G01 X68.217Y47.858
G01 X68.281Y47.905
G01 X68.348Y47.946
G01 X68.419Y47.979
G01 X68.493Y48.006
G01 X68.569Y48.025
G01 X68.647Y48.036
G01 X68.725Y48.04
G01 X68.803Y48.036
G01 X68.881Y48.025
G01 X68.957Y48.006
G01 X69.031Y47.979
G01 X69.102Y47.946
G01 X69.169Y47.905
G01 X69.233Y47.858
G01 X69.291Y47.806
G01 X69.343Y47.748
G01 X69.39Y47.684
G01 X69.431Y47.617
G01 X69.464Y47.546
G01 X69.491Y47.472
G01 X69.51Y47.396
G01 X69.521Y47.318
G01 X69.525Y47.24
G01 X69.521Y47.162
G01 X69.51Y47.084
G01 X69.491Y47.008
G01 X69.464Y46.934
G01 X69.431Y46.863
G01 X69.39Y46.796
G01 X69.343Y46.732
G01 X69.291Y46.674
G01 X69.233Y46.622
G01 X69.169Y46.575
G01 X69.102Y46.534
G01 X69.031Y46.501
G01 X68.957Y46.474
G01 X68.881Y46.455
G01 X68.803Y46.444
G01 X68.725Y46.44
G01 X68.647Y46.444
G01 X68.569Y46.455
G01 X68.493Y46.474
G01 X68.419Y46.501
G01 X68.348Y46.534
G01 X68.281Y46.575
G01 X68.217Y46.622
G01 X68.159Y46.674
G01 X68.107Y46.732
G01 X68.101Y46.74
G01 X67.272Y46.74
G01 X65.019Y44.486
G01 X64.982Y44.453
G01 X64.943Y44.424
G01 X64.901Y44.399
G01 X64.856Y44.378
G01 X64.81Y44.362
G01 X64.763Y44.35
G01 X64.714Y44.342
G01 X64.665Y44.34
G01 X64.291Y44.34
G01 X64.262Y44.301
G01 X64.206Y44.239
G01 X64.144Y44.183
G01 X64.077Y44.133
G01 X64.006Y44.09
G01 X63.93Y44.055
G01 X63.852Y44.027
G01 X63.771Y44.006
G01 X63.688Y43.994
G01 X63.605Y43.99
G01 X63.522Y43.994
G01 X63.439Y44.006
G01 X63.358Y44.027
G01 X63.28Y44.055
G01 X63.204Y44.09
G01 X63.133Y44.133
G01 X63.066Y44.183
G01 X63.004Y44.239
G01 X62.948Y44.301
G01 X62.898Y44.368
G01 X62.855Y44.439
G01 X62.82Y44.515
G01 X62.792Y44.593
G01 X62.771Y44.674
G01 X62.759Y44.757
G01 X62.755Y44.84
G01 X62.759Y44.923
G01 X62.771Y45.006
G01 X62.792Y45.087
G01 X62.82Y45.165
G01 X62.855Y45.241
G01 X62.898Y45.312
G01 X62.948Y45.379
G01 X63.004Y45.441
G01 X63.066Y45.497
G01 X63.133Y45.547
G01 X63.204Y45.59
G01 X63.28Y45.625
G01 X63.358Y45.653
G01 X63.439Y45.674
G01 X63.522Y45.686
G01 X63.605Y45.69
G01 X63.688Y45.686
G01 X63.771Y45.674
G01 X63.852Y45.653
G01 X63.93Y45.625
G01 X64.006Y45.59
G01 X64.077Y45.547
G01 X64.144Y45.497
G01 X64.206Y45.441
G01 X64.262Y45.379
G01 X64.262Y45.379
M5
G01 X64.242Y42.861
M3
G01 X66.434Y45.054
G01 X66.471Y45.087
G01 X66.51Y45.116
G01 X66.552Y45.141
G01 X66.596Y45.162
G01 X66.643Y45.178
G01 X66.69Y45.19
G01 X66.739Y45.198
G01 X66.788Y45.2
G01 X68.101Y45.2
G01 X68.107Y45.208
G01 X68.159Y45.266
G01 X68.217Y45.318
G01 X68.281Y45.365
G01 X68.348Y45.406
G01 X68.419Y45.439
G01 X68.493Y45.466
G01 X68.569Y45.485
G01 X68.647Y45.496
G01 X68.725Y45.5
G01 X68.803Y45.496
G01 X68.881Y45.485
G01 X68.957Y45.466
G01 X69.031Y45.439
G01 X69.102Y45.406
G01 X69.169Y45.365
G01 X69.233Y45.318
G01 X69.291Y45.266
G01 X69.343Y45.208
G01 X69.39Y45.144
G01 X69.431Y45.077
G01 X69.464Y45.006
G01 X69.491Y44.932
G01 X69.51Y44.856
G01 X69.521Y44.778
G01 X69.525Y44.7
G01 X69.521Y44.622
G01 X69.51Y44.544
G01 X69.491Y44.468
G01 X69.464Y44.394
G01 X69.431Y44.323
G01 X69.39Y44.256
G01 X69.343Y44.192
G01 X69.291Y44.134
G01 X69.233Y44.082
G01 X69.169Y44.035
G01 X69.102Y43.994
G01 X69.031Y43.961
G01 X68.957Y43.934
G01 X68.881Y43.915
G01 X68.803Y43.904
G01 X68.725Y43.9
G01 X68.647Y43.904
G01 X68.569Y43.915
G01 X68.493Y43.934
G01 X68.419Y43.961
G01 X68.348Y43.994
G01 X68.281Y44.035
G01 X68.217Y44.082
G01 X68.159Y44.134
G01 X68.107Y44.192
G01 X68.101Y44.2
G01 X66.995Y44.2
G01 X64.741Y41.946
G01 X64.705Y41.913
G01 X64.666Y41.884
G01 X64.623Y41.859
G01 X64.579Y41.838
G01 X64.533Y41.822
G01 X64.485Y41.81
G01 X64.437Y41.802
G01 X64.388Y41.8
G01 X64.291Y41.8
G01 X64.262Y41.761
G01 X64.206Y41.699
G01 X64.144Y41.643
G01 X64.077Y41.593
G01 X64.006Y41.55
G01 X63.93Y41.515
G01 X63.852Y41.487
G01 X63.771Y41.466
G01 X63.688Y41.454
G01 X63.605Y41.45
G01 X63.522Y41.454
G01 X63.439Y41.466
G01 X63.358Y41.487
G01 X63.28Y41.515
G01 X63.204Y41.55
G01 X63.133Y41.593
G01 X63.066Y41.643
G01 X63.004Y41.699
G01 X62.948Y41.761
G01 X62.898Y41.828
G01 X62.855Y41.899
G01 X62.82Y41.975
G01 X62.792Y42.053
G01 X62.771Y42.134
G01 X62.759Y42.217
G01 X62.755Y42.3
G01 X62.759Y42.383
G01 X62.771Y42.466
G01 X62.792Y42.547
G01 X62.82Y42.625
G01 X62.855Y42.701
G01 X62.898Y42.772
G01 X62.948Y42.839
G01 X63.004Y42.901
G01 X63.066Y42.957
G01 X63.133Y43.007
G01 X63.204Y43.05
G01 X63.28Y43.085
G01 X63.358Y43.113
G01 X63.439Y43.134
G01 X63.522Y43.146
G01 X63.605Y43.15
G01 X63.688Y43.146
G01 X63.771Y43.134
G01 X63.852Y43.113
G01 X63.93Y43.085
G01 X64.006Y43.05
G01 X64.077Y43.007
G01 X64.144Y42.957
G01 X64.206Y42.901
G01 X64.242Y42.861
G01 X64.242Y42.861
M5
G01 X64.714Y40.258
M3
G01 X64.763Y40.25
G01 X64.81Y40.238
G01 X64.856Y40.222
G01 X64.901Y40.201
G01 X64.943Y40.176
G01 X64.982Y40.147
G01 X65.019Y40.114
G01 X66.679Y38.454
G01 X66.712Y38.417
G01 X66.741Y38.378
G01 X66.766Y38.336
G01 X66.787Y38.291
G01 X66.803Y38.245
G01 X66.815Y38.198
G01 X66.823Y38.149
G01 X66.825Y38.1
G01 X66.825Y30.936
G01 X67.801Y29.96
G01 X68.101Y29.96
G01 X68.107Y29.968
G01 X68.159Y30.026
G01 X68.217Y30.078
G01 X68.281Y30.125
G01 X68.348Y30.166
G01 X68.419Y30.199
G01 X68.493Y30.226
G01 X68.569Y30.245
G01 X68.647Y30.256
G01 X68.725Y30.26
G01 X68.803Y30.256
G01 X68.881Y30.245
G01 X68.957Y30.226
G01 X69.031Y30.199
G01 X69.102Y30.166
G01 X69.169Y30.125
G01 X69.233Y30.078
G01 X69.291Y30.026
G01 X69.343Y29.968
G01 X69.39Y29.904
G01 X69.431Y29.837
G01 X69.464Y29.766
G01 X69.491Y29.692
G01 X69.51Y29.616
G01 X69.521Y29.538
G01 X69.525Y29.46
G01 X69.521Y29.382
G01 X69.51Y29.304
G01 X69.491Y29.228
G01 X69.464Y29.154
G01 X69.431Y29.083
G01 X69.39Y29.016
G01 X69.343Y28.952
G01 X69.291Y28.894
G01 X69.233Y28.842
G01 X69.169Y28.795
G01 X69.102Y28.754
G01 X69.031Y28.721
G01 X68.957Y28.694
G01 X68.881Y28.675
G01 X68.803Y28.664
G01 X68.725Y28.66
G01 X68.647Y28.664
G01 X68.569Y28.675
G01 X68.493Y28.694
G01 X68.419Y28.721
G01 X68.348Y28.754
G01 X68.281Y28.795
G01 X68.217Y28.842
G01 X68.159Y28.894
G01 X68.107Y28.952
G01 X68.101Y28.96
G01 X67.594Y28.96
G01 X67.545Y28.962
G01 X67.496Y28.97
G01 X67.448Y28.982
G01 X67.402Y28.998
G01 X67.358Y29.019
G01 X67.316Y29.044
G01 X67.276Y29.073
G01 X67.24Y29.106
G01 X65.971Y30.375
G01 X65.938Y30.411
G01 X65.909Y30.451
G01 X65.884Y30.493
G01 X65.863Y30.537
G01 X65.847Y30.583
G01 X65.835Y30.631
G01 X65.827Y30.68
G01 X65.825Y30.729
G01 X65.825Y37.893
G01 X64.458Y39.26
G01 X64.291Y39.26
G01 X64.262Y39.221
G01 X64.206Y39.159
G01 X64.144Y39.103
G01 X64.077Y39.053
G01 X64.006Y39.01
G01 X63.93Y38.975
G01 X63.852Y38.947
G01 X63.771Y38.926
G01 X63.688Y38.914
G01 X63.605Y38.91
G01 X63.522Y38.914
G01 X63.439Y38.926
G01 X63.358Y38.947
G01 X63.28Y38.975
G01 X63.204Y39.01
G01 X63.133Y39.053
G01 X63.066Y39.103
G01 X63.004Y39.159
G01 X62.948Y39.221
G01 X62.898Y39.288
G01 X62.855Y39.359
G01 X62.82Y39.435
G01 X62.792Y39.513
G01 X62.771Y39.594
G01 X62.759Y39.677
G01 X62.755Y39.76
G01 X62.759Y39.843
G01 X62.771Y39.926
G01 X62.792Y40.007
G01 X62.82Y40.085
G01 X62.855Y40.161
G01 X62.898Y40.232
G01 X62.948Y40.299
G01 X63.004Y40.361
G01 X63.066Y40.417
G01 X63.133Y40.467
G01 X63.204Y40.51
G01 X63.28Y40.545
G01 X63.358Y40.573
G01 X63.439Y40.594
G01 X63.522Y40.606
G01 X63.605Y40.61
G01 X63.688Y40.606
G01 X63.771Y40.594
G01 X63.852Y40.573
G01 X63.93Y40.545
G01 X64.006Y40.51
G01 X64.077Y40.467
G01 X64.144Y40.417
G01 X64.206Y40.361
G01 X64.262Y40.299
G01 X64.291Y40.26
G01 X64.665Y40.26
G01 X64.714Y40.258
G01 X64.714Y40.258
M5
G01 X64.262Y37.759
M3
G01 X64.312Y37.692
G01 X64.355Y37.621
G01 X64.39Y37.545
G01 X64.418Y37.467
G01 X64.439Y37.386
G01 X64.451Y37.303
G01 X64.455Y37.22
G01 X64.451Y37.137
G01 X64.439Y37.054
G01 X64.418Y36.973
G01 X64.39Y36.895
G01 X64.355Y36.819
G01 X64.312Y36.748
G01 X64.262Y36.681
G01 X64.206Y36.619
G01 X64.144Y36.563
G01 X64.077Y36.513
G01 X64.006Y36.47
G01 X63.93Y36.435
G01 X63.852Y36.407
G01 X63.771Y36.386
G01 X63.688Y36.374
G01 X63.605Y36.37
G01 X63.522Y36.374
G01 X63.439Y36.386
G01 X63.358Y36.407
G01 X63.28Y36.435
G01 X63.204Y36.47
G01 X63.133Y36.513
G01 X63.066Y36.563
G01 X63.004Y36.619
G01 X62.948Y36.681
G01 X62.898Y36.748
G01 X62.855Y36.819
G01 X62.82Y36.895
G01 X62.792Y36.973
G01 X62.771Y37.054
G01 X62.759Y37.137
G01 X62.755Y37.22
G01 X62.759Y37.303
G01 X62.771Y37.386
G01 X62.792Y37.467
G01 X62.82Y37.545
G01 X62.855Y37.621
G01 X62.898Y37.692
G01 X62.948Y37.759
G01 X63.004Y37.821
G01 X63.066Y37.877
G01 X63.133Y37.927
G01 X63.204Y37.97
G01 X63.28Y38.005
G01 X63.358Y38.033
G01 X63.439Y38.054
G01 X63.522Y38.066
G01 X63.605Y38.07
G01 X63.688Y38.066
G01 X63.771Y38.054
G01 X63.852Y38.033
G01 X63.93Y38.005
G01 X64.006Y37.97
G01 X64.077Y37.927
G01 X64.144Y37.877
G01 X64.206Y37.821
G01 X64.262Y37.759
G01 X64.262Y37.759
M5
G01 X62.755Y33.83
M3
G01 X62.755Y35.53
G01 X64.455Y35.53
G01 X64.455Y33.83
G01 X62.755Y33.83
G01 X62.755Y33.83
M5
G01 X64.262Y32.679
M3
G01 X64.312Y32.612
G01 X64.355Y32.541
G01 X64.39Y32.465
G01 X64.418Y32.387
G01 X64.439Y32.306
G01 X64.451Y32.223
G01 X64.455Y32.14
G01 X64.451Y32.057
G01 X64.439Y31.974
G01 X64.418Y31.893
G01 X64.39Y31.815
G01 X64.355Y31.739
G01 X64.312Y31.668
G01 X64.262Y31.601
G01 X64.206Y31.539
G01 X64.144Y31.483
G01 X64.077Y31.433
G01 X64.006Y31.39
G01 X63.93Y31.355
G01 X63.852Y31.327
G01 X63.771Y31.306
G01 X63.688Y31.294
G01 X63.605Y31.29
G01 X63.522Y31.294
G01 X63.439Y31.306
G01 X63.358Y31.327
G01 X63.28Y31.355
G01 X63.204Y31.39
G01 X63.133Y31.433
G01 X63.066Y31.483
G01 X63.004Y31.539
G01 X62.948Y31.601
G01 X62.898Y31.668
G01 X62.855Y31.739
G01 X62.82Y31.815
G01 X62.792Y31.893
G01 X62.771Y31.974
G01 X62.759Y32.057
G01 X62.755Y32.14
G01 X62.759Y32.223
G01 X62.771Y32.306
G01 X62.792Y32.387
G01 X62.82Y32.465
G01 X62.855Y32.541
G01 X62.898Y32.612
G01 X62.948Y32.679
G01 X63.004Y32.741
G01 X63.066Y32.797
G01 X63.133Y32.847
G01 X63.204Y32.89
G01 X63.28Y32.925
G01 X63.358Y32.953
G01 X63.439Y32.974
G01 X63.522Y32.986
G01 X63.605Y32.99
G01 X63.688Y32.986
G01 X63.771Y32.974
G01 X63.852Y32.953
G01 X63.93Y32.925
G01 X64.006Y32.89
G01 X64.077Y32.847
G01 X64.144Y32.797
G01 X64.206Y32.741
G01 X64.262Y32.679
G01 X64.262Y32.679
M5
G01 X64.262Y30.139
M3
G01 X64.312Y30.072
G01 X64.355Y30.001
G01 X64.39Y29.925
G01 X64.418Y29.847
G01 X64.439Y29.766
G01 X64.451Y29.683
G01 X64.455Y29.6
G01 X64.451Y29.517
G01 X64.439Y29.434
G01 X64.418Y29.353
G01 X64.39Y29.275
G01 X64.355Y29.199
G01 X64.312Y29.128
G01 X64.262Y29.061
G01 X64.206Y28.999
G01 X64.144Y28.943
G01 X64.077Y28.893
G01 X64.006Y28.85
G01 X63.93Y28.815
G01 X63.852Y28.787
G01 X63.771Y28.766
G01 X63.688Y28.754
G01 X63.605Y28.75
G01 X63.522Y28.754
G01 X63.439Y28.766
G01 X63.358Y28.787
G01 X63.28Y28.815
G01 X63.204Y28.85
G01 X63.133Y28.893
G01 X63.066Y28.943
G01 X63.004Y28.999
G01 X62.948Y29.061
G01 X62.898Y29.128
G01 X62.855Y29.199
G01 X62.82Y29.275
G01 X62.792Y29.353
G01 X62.771Y29.434
G01 X62.759Y29.517
G01 X62.755Y29.6
G01 X62.759Y29.683
G01 X62.771Y29.766
G01 X62.792Y29.847
G01 X62.82Y29.925
G01 X62.855Y30.001
G01 X62.898Y30.072
G01 X62.948Y30.139
G01 X63.004Y30.201
G01 X63.066Y30.257
G01 X63.133Y30.307
G01 X63.204Y30.35
G01 X63.28Y30.385
G01 X63.358Y30.413
G01 X63.439Y30.434
G01 X63.522Y30.446
G01 X63.605Y30.45
G01 X63.688Y30.446
G01 X63.771Y30.434
G01 X63.852Y30.413
G01 X63.93Y30.385
G01 X64.006Y30.35
G01 X64.077Y30.307
G01 X64.144Y30.257
G01 X64.206Y30.201
G01 X64.262Y30.139
G01 X64.262Y30.139
M5
G01 X64.262Y25.059
M3
G01 X64.312Y24.992
G01 X64.355Y24.921
G01 X64.39Y24.845
G01 X64.418Y24.767
G01 X64.439Y24.686
G01 X64.451Y24.603
G01 X64.455Y24.52
G01 X64.451Y24.437
G01 X64.439Y24.354
G01 X64.418Y24.273
G01 X64.39Y24.195
G01 X64.355Y24.119
G01 X64.312Y24.048
G01 X64.262Y23.981
G01 X64.206Y23.919
G01 X64.144Y23.863
G01 X64.077Y23.813
G01 X64.006Y23.77
G01 X63.93Y23.735
G01 X63.852Y23.707
G01 X63.771Y23.686
G01 X63.688Y23.674
G01 X63.605Y23.67
G01 X63.522Y23.674
G01 X63.439Y23.686
G01 X63.358Y23.707
G01 X63.28Y23.735
G01 X63.204Y23.77
G01 X63.133Y23.813
G01 X63.066Y23.863
G01 X63.004Y23.919
G01 X62.948Y23.981
G01 X62.898Y24.048
G01 X62.855Y24.119
G01 X62.82Y24.195
G01 X62.792Y24.273
G01 X62.771Y24.354
G01 X62.759Y24.437
G01 X62.755Y24.52
G01 X62.759Y24.603
G01 X62.771Y24.686
G01 X62.792Y24.767
G01 X62.82Y24.845
G01 X62.855Y24.921
G01 X62.898Y24.992
G01 X62.948Y25.059
G01 X63.004Y25.121
G01 X63.066Y25.177
G01 X63.133Y25.227
G01 X63.204Y25.27
G01 X63.28Y25.305
G01 X63.358Y25.333
G01 X63.439Y25.354
G01 X63.522Y25.366
G01 X63.605Y25.37
G01 X63.688Y25.366
G01 X63.771Y25.354
G01 X63.852Y25.333
G01 X63.93Y25.305
G01 X64.006Y25.27
G01 X64.077Y25.227
G01 X64.144Y25.177
G01 X64.206Y25.121
G01 X64.262Y25.059
G01 X64.262Y25.059
M5
G01 X62.755Y21.13
M3
G01 X62.755Y22.83
G01 X64.455Y22.83
G01 X64.455Y21.13
G01 X62.755Y21.13
G01 X62.755Y21.13
M5
G01 X64.217Y20.029
M3
G01 X67.953Y23.765
G01 X67.959Y23.792
G01 X67.986Y23.866
G01 X68.019Y23.937
G01 X68.06Y24.004
G01 X68.107Y24.068
G01 X68.159Y24.126
G01 X68.217Y24.178
G01 X68.281Y24.225
G01 X68.348Y24.266
G01 X68.419Y24.299
G01 X68.493Y24.326
G01 X68.569Y24.345
G01 X68.647Y24.356
G01 X68.725Y24.36
G01 X68.803Y24.356
G01 X68.881Y24.345
G01 X68.957Y24.326
G01 X69.031Y24.299
G01 X69.102Y24.266
G01 X69.169Y24.225
G01 X69.233Y24.178
G01 X69.291Y24.126
G01 X69.343Y24.068
G01 X69.39Y24.004
G01 X69.431Y23.937
G01 X69.464Y23.866
G01 X69.491Y23.792
G01 X69.51Y23.716
G01 X69.521Y23.638
G01 X69.525Y23.56
G01 X69.521Y23.482
G01 X69.51Y23.404
G01 X69.491Y23.328
G01 X69.464Y23.254
G01 X69.431Y23.183
G01 X69.39Y23.116
G01 X69.343Y23.052
G01 X69.291Y22.994
G01 X69.233Y22.942
G01 X69.169Y22.895
G01 X69.102Y22.854
G01 X69.031Y22.821
G01 X68.957Y22.794
G01 X68.881Y22.775
G01 X68.803Y22.764
G01 X68.725Y22.76
G01 X68.647Y22.764
G01 X68.569Y22.775
G01 X68.493Y22.794
G01 X68.422Y22.82
G01 X64.689Y19.086
G01 X64.652Y19.053
G01 X64.613Y19.024
G01 X64.571Y18.999
G01 X64.526Y18.978
G01 X64.48Y18.962
G01 X64.433Y18.95
G01 X64.384Y18.942
G01 X64.335Y18.94
G01 X64.291Y18.94
G01 X64.262Y18.901
G01 X64.206Y18.839
G01 X64.144Y18.783
G01 X64.077Y18.733
G01 X64.006Y18.69
G01 X63.93Y18.655
G01 X63.852Y18.627
G01 X63.771Y18.606
G01 X63.688Y18.594
G01 X63.605Y18.59
G01 X63.522Y18.594
G01 X63.439Y18.606
G01 X63.358Y18.627
G01 X63.28Y18.655
G01 X63.204Y18.69
G01 X63.133Y18.733
G01 X63.066Y18.783
G01 X63.004Y18.839
G01 X62.948Y18.901
G01 X62.898Y18.968
G01 X62.855Y19.039
G01 X62.82Y19.115
G01 X62.792Y19.193
G01 X62.771Y19.274
G01 X62.759Y19.357
G01 X62.755Y19.44
G01 X62.759Y19.523
G01 X62.771Y19.606
G01 X62.792Y19.687
G01 X62.82Y19.765
G01 X62.855Y19.841
G01 X62.898Y19.912
G01 X62.948Y19.979
G01 X63.004Y20.041
G01 X63.066Y20.097
G01 X63.133Y20.147
G01 X63.204Y20.19
G01 X63.28Y20.225
G01 X63.358Y20.253
G01 X63.439Y20.274
G01 X63.522Y20.286
G01 X63.605Y20.29
G01 X63.688Y20.286
G01 X63.771Y20.274
G01 X63.852Y20.253
G01 X63.93Y20.225
G01 X64.006Y20.19
G01 X64.077Y20.147
G01 X64.144Y20.097
G01 X64.206Y20.041
G01 X64.217Y20.029
G01 X64.217Y20.029
M5
G01 X67.9Y21.436
M3
G01 X67.942Y21.461
G01 X67.986Y21.482
G01 X68.033Y21.498
G01 X68.08Y21.51
G01 X68.096Y21.513
G01 X68.107Y21.528
G01 X68.159Y21.586
G01 X68.217Y21.638
G01 X68.281Y21.685
G01 X68.348Y21.726
G01 X68.419Y21.759
G01 X68.493Y21.786
G01 X68.569Y21.805
G01 X68.647Y21.816
G01 X68.725Y21.82
G01 X68.803Y21.816
G01 X68.881Y21.805
G01 X68.957Y21.786
G01 X69.031Y21.759
G01 X69.102Y21.726
G01 X69.169Y21.685
G01 X69.233Y21.638
G01 X69.291Y21.586
G01 X69.343Y21.528
G01 X69.39Y21.464
G01 X69.431Y21.397
G01 X69.464Y21.326
G01 X69.491Y21.252
G01 X69.51Y21.176
G01 X69.521Y21.098
G01 X69.525Y21.02
G01 X69.521Y20.942
G01 X69.51Y20.864
G01 X69.491Y20.788
G01 X69.464Y20.714
G01 X69.431Y20.643
G01 X69.39Y20.576
G01 X69.343Y20.512
G01 X69.291Y20.454
G01 X69.233Y20.402
G01 X69.169Y20.355
G01 X69.102Y20.314
G01 X69.031Y20.281
G01 X68.957Y20.254
G01 X68.881Y20.235
G01 X68.803Y20.224
G01 X68.725Y20.22
G01 X68.647Y20.224
G01 X68.569Y20.235
G01 X68.493Y20.254
G01 X68.419Y20.281
G01 X68.348Y20.314
G01 X68.281Y20.355
G01 X68.246Y20.381
G01 X64.411Y16.546
G01 X64.375Y16.513
G01 X64.354Y16.498
G01 X64.312Y16.428
G01 X64.262Y16.361
G01 X64.206Y16.299
G01 X64.144Y16.243
G01 X64.077Y16.193
G01 X64.006Y16.15
G01 X63.93Y16.115
G01 X63.852Y16.087
G01 X63.771Y16.066
G01 X63.688Y16.054
G01 X63.605Y16.05
G01 X63.522Y16.054
G01 X63.439Y16.066
G01 X63.358Y16.087
G01 X63.28Y16.115
G01 X63.204Y16.15
G01 X63.133Y16.193
G01 X63.066Y16.243
G01 X63.004Y16.299
G01 X62.948Y16.361
G01 X62.898Y16.428
G01 X62.855Y16.499
G01 X62.82Y16.575
G01 X62.792Y16.653
G01 X62.771Y16.734
G01 X62.759Y16.817
G01 X62.755Y16.9
G01 X62.759Y16.983
G01 X62.771Y17.066
G01 X62.792Y17.147
G01 X62.82Y17.225
G01 X62.855Y17.301
G01 X62.898Y17.372
G01 X62.948Y17.439
G01 X63.004Y17.501
G01 X63.066Y17.557
G01 X63.133Y17.607
G01 X63.204Y17.65
G01 X63.28Y17.685
G01 X63.358Y17.713
G01 X63.439Y17.734
G01 X63.522Y17.746
G01 X63.605Y17.75
G01 X63.688Y17.746
G01 X63.771Y17.734
G01 X63.852Y17.713
G01 X63.93Y17.685
G01 X64.006Y17.65
G01 X64.065Y17.614
G01 X67.824Y21.374
G01 X67.861Y21.407
G01 X67.9Y21.436
G01 X67.9Y21.436
M5
G01 X64.262Y14.899
M3
G01 X64.312Y14.832
G01 X64.355Y14.761
G01 X64.39Y14.685
G01 X64.418Y14.607
G01 X64.439Y14.526
G01 X64.451Y14.443
G01 X64.451Y14.439
G01 X65.909Y12.981
G01 X65.942Y12.945
G01 X65.971Y12.905
G01 X65.996Y12.863
G01 X66.017Y12.819
G01 X66.033Y12.773
G01 X66.045Y12.725
G01 X66.053Y12.677
G01 X66.055Y12.628
G01 X66.055Y12.628
G01 X66.055Y8.026
G01 X67.801Y6.28
G01 X68.101Y6.28
G01 X68.107Y6.288
G01 X68.159Y6.346
G01 X68.217Y6.398
G01 X68.281Y6.445
G01 X68.348Y6.486
G01 X68.419Y6.519
G01 X68.493Y6.546
G01 X68.569Y6.565
G01 X68.647Y6.576
G01 X68.725Y6.58
G01 X68.803Y6.576
G01 X68.881Y6.565
G01 X68.957Y6.546
G01 X69.031Y6.519
G01 X69.102Y6.486
G01 X69.169Y6.445
G01 X69.233Y6.398
G01 X69.291Y6.346
G01 X69.343Y6.288
G01 X69.39Y6.224
G01 X69.431Y6.157
G01 X69.464Y6.086
G01 X69.491Y6.012
G01 X69.51Y5.936
G01 X69.521Y5.858
G01 X69.525Y5.78
G01 X69.521Y5.702
G01 X69.51Y5.624
G01 X69.491Y5.548
G01 X69.464Y5.474
G01 X69.431Y5.403
G01 X69.39Y5.336
G01 X69.343Y5.272
G01 X69.291Y5.214
G01 X69.233Y5.162
G01 X69.169Y5.115
G01 X69.102Y5.074
G01 X69.031Y5.041
G01 X68.957Y5.014
G01 X68.881Y4.995
G01 X68.803Y4.984
G01 X68.725Y4.98
G01 X68.647Y4.984
G01 X68.569Y4.995
G01 X68.493Y5.014
G01 X68.419Y5.041
G01 X68.348Y5.074
G01 X68.281Y5.115
G01 X68.217Y5.162
G01 X68.159Y5.214
G01 X68.107Y5.272
G01 X68.101Y5.28
G01 X67.594Y5.28
G01 X67.545Y5.282
G01 X67.496Y5.29
G01 X67.448Y5.302
G01 X67.402Y5.318
G01 X67.358Y5.339
G01 X67.316Y5.364
G01 X67.276Y5.393
G01 X67.24Y5.426
G01 X65.201Y7.465
G01 X65.168Y7.501
G01 X65.139Y7.541
G01 X65.114Y7.583
G01 X65.093Y7.627
G01 X65.077Y7.673
G01 X65.065Y7.721
G01 X65.057Y7.77
G01 X65.055Y7.819
G01 X65.055Y12.421
G01 X63.909Y13.567
G01 X63.852Y13.547
G01 X63.771Y13.526
G01 X63.688Y13.514
G01 X63.605Y13.51
G01 X63.522Y13.514
G01 X63.439Y13.526
G01 X63.358Y13.547
G01 X63.28Y13.575
G01 X63.204Y13.61
G01 X63.133Y13.653
G01 X63.066Y13.703
G01 X63.004Y13.759
G01 X62.948Y13.821
G01 X62.898Y13.888
G01 X62.855Y13.959
G01 X62.82Y14.035
G01 X62.792Y14.113
G01 X62.771Y14.194
G01 X62.759Y14.277
G01 X62.755Y14.36
G01 X62.759Y14.443
G01 X62.771Y14.526
G01 X62.792Y14.607
G01 X62.82Y14.685
G01 X62.855Y14.761
G01 X62.898Y14.832
G01 X62.948Y14.899
G01 X63.004Y14.961
G01 X63.066Y15.017
G01 X63.133Y15.067
G01 X63.204Y15.11
G01 X63.28Y15.145
G01 X63.358Y15.173
G01 X63.439Y15.194
G01 X63.522Y15.206
G01 X63.605Y15.21
G01 X63.688Y15.206
G01 X63.771Y15.194
G01 X63.852Y15.173
G01 X63.93Y15.145
G01 X64.006Y15.11
G01 X64.077Y15.067
G01 X64.144Y15.017
G01 X64.206Y14.961
G01 X64.262Y14.899
G01 X64.262Y14.899
M5
G01 X64.262Y12.359
M3
G01 X64.312Y12.292
G01 X64.355Y12.221
G01 X64.39Y12.145
G01 X64.418Y12.067
G01 X64.439Y11.986
G01 X64.451Y11.903
G01 X64.455Y11.82
G01 X64.451Y11.737
G01 X64.439Y11.654
G01 X64.418Y11.573
G01 X64.39Y11.495
G01 X64.355Y11.419
G01 X64.312Y11.348
G01 X64.262Y11.281
G01 X64.206Y11.219
G01 X64.144Y11.163
G01 X64.077Y11.113
G01 X64.006Y11.07
G01 X63.93Y11.035
G01 X63.852Y11.007
G01 X63.771Y10.986
G01 X63.688Y10.974
G01 X63.605Y10.97
G01 X63.522Y10.974
G01 X63.439Y10.986
G01 X63.358Y11.007
G01 X63.28Y11.035
G01 X63.204Y11.07
G01 X63.133Y11.113
G01 X63.066Y11.163
G01 X63.004Y11.219
G01 X62.948Y11.281
G01 X62.898Y11.348
G01 X62.855Y11.419
G01 X62.82Y11.495
G01 X62.792Y11.573
G01 X62.771Y11.654
G01 X62.759Y11.737
G01 X62.755Y11.82
G01 X62.759Y11.903
G01 X62.771Y11.986
G01 X62.792Y12.067
G01 X62.82Y12.145
G01 X62.855Y12.221
G01 X62.898Y12.292
G01 X62.948Y12.359
G01 X63.004Y12.421
G01 X63.066Y12.477
G01 X63.133Y12.527
G01 X63.204Y12.57
G01 X63.28Y12.605
G01 X63.358Y12.633
G01 X63.439Y12.654
G01 X63.522Y12.666
G01 X63.605Y12.67
G01 X63.688Y12.666
G01 X63.771Y12.654
G01 X63.852Y12.633
G01 X63.93Y12.605
G01 X64.006Y12.57
G01 X64.077Y12.527
G01 X64.144Y12.477
G01 X64.206Y12.421
G01 X64.262Y12.359
G01 X64.262Y12.359
M5
G01 X62.755Y8.43
M3
G01 X62.755Y10.13
G01 X64.455Y10.13
G01 X64.455Y8.43
G01 X62.755Y8.43
G01 X62.755Y8.43
M5
G01 X64.262Y7.279
M3
G01 X64.312Y7.212
G01 X64.355Y7.141
G01 X64.39Y7.065
G01 X64.418Y6.987
G01 X64.439Y6.906
G01 X64.451Y6.823
G01 X64.455Y6.74
G01 X64.451Y6.657
G01 X64.439Y6.574
G01 X64.418Y6.493
G01 X64.39Y6.415
G01 X64.355Y6.339
G01 X64.312Y6.268
G01 X64.262Y6.201
G01 X64.206Y6.139
G01 X64.144Y6.083
G01 X64.077Y6.033
G01 X64.006Y5.99
G01 X63.93Y5.955
G01 X63.852Y5.927
G01 X63.771Y5.906
G01 X63.688Y5.894
G01 X63.605Y5.89
G01 X63.522Y5.894
G01 X63.439Y5.906
G01 X63.358Y5.927
G01 X63.28Y5.955
G01 X63.204Y5.99
G01 X63.133Y6.033
G01 X63.066Y6.083
G01 X63.004Y6.139
G01 X62.948Y6.201
G01 X62.898Y6.268
G01 X62.855Y6.339
G01 X62.82Y6.415
G01 X62.792Y6.493
G01 X62.771Y6.574
G01 X62.759Y6.657
G01 X62.755Y6.74
G01 X62.759Y6.823
G01 X62.771Y6.906
G01 X62.792Y6.987
G01 X62.82Y7.065
G01 X62.855Y7.141
G01 X62.898Y7.212
G01 X62.948Y7.279
G01 X63.004Y7.341
G01 X63.066Y7.397
G01 X63.133Y7.447
G01 X63.204Y7.49
G01 X63.28Y7.525
G01 X63.358Y7.553
G01 X63.439Y7.574
G01 X63.522Y7.586
G01 X63.605Y7.59
G01 X63.688Y7.586
G01 X63.771Y7.574
G01 X63.852Y7.553
G01 X63.93Y7.525
G01 X64.006Y7.49
G01 X64.077Y7.447
G01 X64.144Y7.397
G01 X64.206Y7.341
G01 X64.262Y7.279
G01 X64.262Y7.279
M5
G01 X64.262Y4.739
M3
G01 X64.312Y4.672
G01 X64.355Y4.601
G01 X64.39Y4.525
G01 X64.418Y4.447
G01 X64.439Y4.366
G01 X64.451Y4.283
G01 X64.455Y4.2
G01 X64.451Y4.117
G01 X64.439Y4.034
G01 X64.418Y3.953
G01 X64.39Y3.875
G01 X64.355Y3.799
G01 X64.312Y3.728
G01 X64.262Y3.661
G01 X64.206Y3.599
G01 X64.144Y3.543
G01 X64.077Y3.493
G01 X64.006Y3.45
G01 X63.93Y3.415
G01 X63.852Y3.387
G01 X63.771Y3.366
G01 X63.688Y3.354
G01 X63.605Y3.35
G01 X63.522Y3.354
G01 X63.439Y3.366
G01 X63.358Y3.387
G01 X63.28Y3.415
G01 X63.204Y3.45
G01 X63.133Y3.493
G01 X63.066Y3.543
G01 X63.004Y3.599
G01 X62.948Y3.661
G01 X62.898Y3.728
G01 X62.855Y3.799
G01 X62.82Y3.875
G01 X62.792Y3.953
G01 X62.771Y4.034
G01 X62.759Y4.117
G01 X62.755Y4.2
G01 X62.759Y4.283
G01 X62.771Y4.366
G01 X62.792Y4.447
G01 X62.82Y4.525
G01 X62.855Y4.601
G01 X62.898Y4.672
G01 X62.948Y4.739
G01 X63.004Y4.801
G01 X63.066Y4.857
G01 X63.133Y4.907
G01 X63.204Y4.95
G01 X63.28Y4.985
G01 X63.358Y5.013
G01 X63.439Y5.034
G01 X63.522Y5.046
G01 X63.605Y5.05
G01 X63.688Y5.046
G01 X63.771Y5.034
G01 X63.852Y5.013
G01 X63.93Y4.985
G01 X64.006Y4.95
G01 X64.077Y4.907
G01 X64.144Y4.857
G01 X64.206Y4.801
G01 X64.262Y4.739
G01 X64.262Y4.739
M5
G01 X46.482Y4.739
M3
G01 X46.532Y4.672
G01 X46.575Y4.601
G01 X46.61Y4.525
G01 X46.638Y4.447
G01 X46.659Y4.366
G01 X46.671Y4.283
G01 X46.675Y4.2
G01 X46.671Y4.117
G01 X46.659Y4.034
G01 X46.638Y3.953
G01 X46.61Y3.875
G01 X46.575Y3.799
G01 X46.532Y3.728
G01 X46.482Y3.661
G01 X46.426Y3.599
G01 X46.364Y3.543
G01 X46.297Y3.493
G01 X46.226Y3.45
G01 X46.15Y3.415
G01 X46.072Y3.387
G01 X45.991Y3.366
G01 X45.908Y3.354
G01 X45.825Y3.35
G01 X45.742Y3.354
G01 X45.659Y3.366
G01 X45.578Y3.387
G01 X45.5Y3.415
G01 X45.424Y3.45
G01 X45.353Y3.493
G01 X45.286Y3.543
G01 X45.224Y3.599
G01 X45.168Y3.661
G01 X45.118Y3.728
G01 X45.075Y3.799
G01 X45.04Y3.875
G01 X45.012Y3.953
G01 X44.991Y4.034
G01 X44.979Y4.117
G01 X44.975Y4.2
G01 X44.979Y4.283
G01 X44.991Y4.366
G01 X45.012Y4.447
G01 X45.04Y4.525
G01 X45.075Y4.601
G01 X45.118Y4.672
G01 X45.168Y4.739
G01 X45.224Y4.801
G01 X45.286Y4.857
G01 X45.353Y4.907
G01 X45.424Y4.95
G01 X45.5Y4.985
G01 X45.578Y5.013
G01 X45.659Y5.034
G01 X45.742Y5.046
G01 X45.825Y5.05
G01 X45.908Y5.046
G01 X45.991Y5.034
G01 X46.072Y5.013
G01 X46.15Y4.985
G01 X46.226Y4.95
G01 X46.297Y4.907
G01 X46.364Y4.857
G01 X46.426Y4.801
G01 X46.482Y4.739
G01 X46.482Y4.739
M5
G01 X28.253Y3.793
M3
G01 X28.186Y3.843
G01 X28.124Y3.899
G01 X28.068Y3.961
G01 X28.018Y4.028
G01 X27.975Y4.099
G01 X27.94Y4.175
G01 X27.912Y4.253
G01 X27.891Y4.334
G01 X27.879Y4.417
G01 X27.875Y4.5
G01 X27.879Y4.583
G01 X27.891Y4.666
G01 X27.912Y4.747
G01 X27.94Y4.825
G01 X27.975Y4.901
G01 X28.018Y4.972
G01 X28.068Y5.039
G01 X28.124Y5.101
G01 X28.186Y5.157
G01 X28.253Y5.207
G01 X28.324Y5.25
G01 X28.4Y5.285
G01 X28.478Y5.313
G01 X28.559Y5.334
G01 X28.642Y5.346
G01 X28.725Y5.35
G01 X28.808Y5.346
G01 X28.891Y5.334
G01 X28.972Y5.313
G01 X29.05Y5.285
G01 X29.126Y5.25
G01 X29.197Y5.207
G01 X29.264Y5.157
G01 X29.326Y5.101
G01 X29.382Y5.039
G01 X29.411Y5.0
G01 X41.118Y5.0
G01 X43.211Y7.094
G01 X43.211Y7.094
G01 X43.248Y7.127
G01 X43.287Y7.156
G01 X43.321Y7.176
G01 X43.329Y7.181
G01 X43.374Y7.202
G01 X43.42Y7.218
G01 X43.467Y7.23
G01 X43.516Y7.238
G01 X43.565Y7.24
G01 X45.139Y7.24
G01 X45.168Y7.279
G01 X45.224Y7.341
G01 X45.286Y7.397
G01 X45.353Y7.447
G01 X45.424Y7.49
G01 X45.5Y7.525
G01 X45.578Y7.553
G01 X45.659Y7.574
G01 X45.742Y7.586
G01 X45.825Y7.59
G01 X45.908Y7.586
G01 X45.991Y7.574
G01 X46.072Y7.553
G01 X46.15Y7.525
G01 X46.226Y7.49
G01 X46.297Y7.447
G01 X46.364Y7.397
G01 X46.426Y7.341
G01 X46.482Y7.279
G01 X46.532Y7.212
G01 X46.575Y7.141
G01 X46.61Y7.065
G01 X46.638Y6.987
G01 X46.659Y6.906
G01 X46.671Y6.823
G01 X46.675Y6.74
G01 X46.671Y6.657
G01 X46.659Y6.574
G01 X46.638Y6.493
G01 X46.61Y6.415
G01 X46.575Y6.339
G01 X46.532Y6.268
G01 X46.482Y6.201
G01 X46.426Y6.139
G01 X46.364Y6.083
G01 X46.297Y6.033
G01 X46.226Y5.99
G01 X46.15Y5.955
G01 X46.072Y5.927
G01 X45.991Y5.906
G01 X45.908Y5.894
G01 X45.825Y5.89
G01 X45.742Y5.894
G01 X45.659Y5.906
G01 X45.578Y5.927
G01 X45.5Y5.955
G01 X45.424Y5.99
G01 X45.353Y6.033
G01 X45.286Y6.083
G01 X45.224Y6.139
G01 X45.168Y6.201
G01 X45.139Y6.24
G01 X43.772Y6.24
G01 X41.679Y4.146
G01 X41.679Y4.146
G01 X41.647Y4.118
G01 X41.642Y4.113
G01 X41.636Y4.109
G01 X41.603Y4.084
G01 X41.569Y4.064
G01 X41.561Y4.059
G01 X41.516Y4.038
G01 X41.47Y4.022
G01 X41.423Y4.01
G01 X41.374Y4.002
G01 X41.325Y4.0
G01 X29.411Y4.0
G01 X29.382Y3.961
G01 X29.326Y3.899
G01 X29.264Y3.843
G01 X29.197Y3.793
G01 X29.126Y3.75
G01 X29.05Y3.715
G01 X28.972Y3.687
G01 X28.891Y3.666
G01 X28.808Y3.654
G01 X28.725Y3.65
G01 X28.642Y3.654
G01 X28.559Y3.666
G01 X28.478Y3.687
G01 X28.4Y3.715
G01 X28.324Y3.75
G01 X28.253Y3.793
G01 X28.253Y3.793
M5
G01 X46.675Y8.43
M3
G01 X44.975Y8.43
G01 X44.975Y10.13
G01 X46.675Y10.13
G01 X46.675Y8.43
G01 X46.675Y8.43
M5
G01 X28.324Y8.83
M3
G01 X28.253Y8.873
G01 X28.186Y8.923
G01 X28.124Y8.979
G01 X28.068Y9.041
G01 X28.018Y9.108
G01 X27.975Y9.179
G01 X27.94Y9.255
G01 X27.912Y9.333
G01 X27.891Y9.414
G01 X27.879Y9.497
G01 X27.875Y9.58
G01 X27.879Y9.663
G01 X27.891Y9.746
G01 X27.912Y9.827
G01 X27.94Y9.905
G01 X27.975Y9.981
G01 X28.018Y10.052
G01 X28.068Y10.119
G01 X28.124Y10.181
G01 X28.186Y10.237
G01 X28.253Y10.287
G01 X28.324Y10.33
G01 X28.4Y10.365
G01 X28.478Y10.393
G01 X28.559Y10.414
G01 X28.642Y10.426
G01 X28.725Y10.43
G01 X28.808Y10.426
G01 X28.891Y10.414
G01 X28.972Y10.393
G01 X29.05Y10.365
G01 X29.126Y10.33
G01 X29.197Y10.287
G01 X29.264Y10.237
G01 X29.326Y10.181
G01 X29.382Y10.119
G01 X29.411Y10.08
G01 X41.672Y10.08
G01 X43.766Y12.174
G01 X43.766Y12.174
G01 X43.802Y12.207
G01 X43.842Y12.236
G01 X43.884Y12.261
G01 X43.928Y12.282
G01 X43.974Y12.298
G01 X44.022Y12.31
G01 X44.071Y12.318
G01 X44.12Y12.32
G01 X45.139Y12.32
G01 X45.168Y12.359
G01 X45.224Y12.421
G01 X45.286Y12.477
G01 X45.353Y12.527
G01 X45.424Y12.57
G01 X45.5Y12.605
G01 X45.578Y12.633
G01 X45.659Y12.654
G01 X45.742Y12.666
G01 X45.825Y12.67
G01 X45.908Y12.666
G01 X45.991Y12.654
G01 X46.072Y12.633
G01 X46.15Y12.605
G01 X46.226Y12.57
G01 X46.297Y12.527
G01 X46.364Y12.477
G01 X46.426Y12.421
G01 X46.482Y12.359
G01 X46.532Y12.292
G01 X46.575Y12.221
G01 X46.61Y12.145
G01 X46.638Y12.067
G01 X46.659Y11.986
G01 X46.671Y11.903
G01 X46.675Y11.82
G01 X46.671Y11.737
G01 X46.659Y11.654
G01 X46.638Y11.573
G01 X46.61Y11.495
G01 X46.575Y11.419
G01 X46.532Y11.348
G01 X46.482Y11.281
G01 X46.426Y11.219
G01 X46.364Y11.163
G01 X46.297Y11.113
G01 X46.226Y11.07
G01 X46.15Y11.035
G01 X46.072Y11.007
G01 X45.991Y10.986
G01 X45.908Y10.974
G01 X45.825Y10.97
G01 X45.742Y10.974
G01 X45.659Y10.986
G01 X45.578Y11.007
G01 X45.5Y11.035
G01 X45.424Y11.07
G01 X45.353Y11.113
G01 X45.286Y11.163
G01 X45.224Y11.219
G01 X45.168Y11.281
G01 X45.139Y11.32
G01 X44.327Y11.32
G01 X42.233Y9.226
G01 X42.233Y9.226
G01 X42.207Y9.203
G01 X42.197Y9.193
G01 X42.183Y9.184
G01 X42.157Y9.164
G01 X42.115Y9.139
G01 X42.071Y9.118
G01 X42.025Y9.102
G01 X41.977Y9.09
G01 X41.929Y9.082
G01 X41.88Y9.08
G01 X29.411Y9.08
G01 X29.382Y9.041
G01 X29.326Y8.979
G01 X29.264Y8.923
G01 X29.197Y8.873
G01 X29.126Y8.83
G01 X29.05Y8.795
G01 X28.972Y8.767
G01 X28.891Y8.746
G01 X28.808Y8.734
G01 X28.725Y8.73
G01 X28.642Y8.734
G01 X28.559Y8.746
G01 X28.478Y8.767
G01 X28.4Y8.795
G01 X28.324Y8.83
G01 X28.324Y8.83
M5
G01 X16.502Y41.306
M3
G01 X16.569Y41.265
G01 X16.633Y41.218
G01 X16.691Y41.166
G01 X16.743Y41.108
G01 X16.79Y41.044
G01 X16.831Y40.977
G01 X16.864Y40.906
G01 X16.891Y40.832
G01 X16.91Y40.756
G01 X16.921Y40.678
G01 X16.925Y40.6
G01 X16.921Y40.522
G01 X16.91Y40.444
G01 X16.891Y40.368
G01 X16.864Y40.294
G01 X16.831Y40.223
G01 X16.79Y40.156
G01 X16.743Y40.092
G01 X16.691Y40.034
G01 X16.633Y39.982
G01 X16.625Y39.976
G01 X16.625Y38.95
G01 X16.625Y38.081
G01 X16.643Y38.068
G01 X16.701Y38.016
G01 X16.753Y37.958
G01 X16.8Y37.894
G01 X16.841Y37.827
G01 X16.874Y37.756
G01 X16.901Y37.682
G01 X16.92Y37.606
G01 X16.931Y37.528
G01 X16.935Y37.45
G01 X16.931Y37.372
G01 X16.93Y37.362
G01 X17.492Y36.8
G01 X33.841Y36.8
G01 X33.89Y36.798
G01 X33.939Y36.79
G01 X33.986Y36.778
G01 X34.033Y36.762
G01 X34.077Y36.741
G01 X34.119Y36.716
G01 X34.158Y36.687
G01 X34.195Y36.654
G01 X39.229Y31.62
G01 X39.262Y31.583
G01 X39.291Y31.544
G01 X39.316Y31.502
G01 X39.337Y31.458
G01 X39.353Y31.411
G01 X39.365Y31.364
G01 X39.373Y31.315
G01 X39.375Y31.266
G01 X39.375Y20.157
G01 X44.672Y14.86
G01 X45.139Y14.86
G01 X45.168Y14.899
G01 X45.224Y14.961
G01 X45.286Y15.017
G01 X45.353Y15.067
G01 X45.424Y15.11
G01 X45.5Y15.145
G01 X45.578Y15.173
G01 X45.659Y15.194
G01 X45.742Y15.206
G01 X45.825Y15.21
G01 X45.908Y15.206
G01 X45.991Y15.194
G01 X46.072Y15.173
G01 X46.15Y15.145
G01 X46.226Y15.11
G01 X46.297Y15.067
G01 X46.364Y15.017
G01 X46.426Y14.961
G01 X46.482Y14.899
G01 X46.532Y14.832
G01 X46.575Y14.761
G01 X46.61Y14.685
G01 X46.638Y14.607
G01 X46.659Y14.526
G01 X46.671Y14.443
G01 X46.675Y14.36
G01 X46.671Y14.277
G01 X46.659Y14.194
G01 X46.638Y14.113
G01 X46.61Y14.035
G01 X46.575Y13.959
G01 X46.532Y13.888
G01 X46.482Y13.821
G01 X46.426Y13.759
G01 X46.364Y13.703
G01 X46.297Y13.653
G01 X46.226Y13.61
G01 X46.15Y13.575
G01 X46.072Y13.547
G01 X45.991Y13.526
G01 X45.908Y13.514
G01 X45.825Y13.51
G01 X45.742Y13.514
G01 X45.659Y13.526
G01 X45.578Y13.547
G01 X45.5Y13.575
G01 X45.424Y13.61
G01 X45.353Y13.653
G01 X45.286Y13.703
G01 X45.224Y13.759
G01 X45.168Y13.821
G01 X45.139Y13.86
G01 X44.465Y13.86
G01 X44.416Y13.862
G01 X44.367Y13.87
G01 X44.32Y13.882
G01 X44.274Y13.898
G01 X44.229Y13.919
G01 X44.187Y13.944
G01 X44.148Y13.973
G01 X44.111Y14.006
G01 X38.521Y19.596
G01 X38.488Y19.633
G01 X38.459Y19.672
G01 X38.434Y19.714
G01 X38.413Y19.759
G01 X38.397Y19.805
G01 X38.385Y19.852
G01 X38.377Y19.901
G01 X38.375Y19.95
G01 X38.375Y31.059
G01 X33.634Y35.8
G01 X17.285Y35.8
G01 X17.285Y35.8
G01 X17.236Y35.802
G01 X17.187Y35.81
G01 X17.14Y35.822
G01 X17.094Y35.838
G01 X17.085Y35.842
G01 X17.049Y35.859
G01 X17.007Y35.884
G01 X16.968Y35.913
G01 X16.931Y35.946
G01 X16.223Y36.655
G01 X16.213Y36.654
G01 X16.135Y36.65
G01 X16.057Y36.654
G01 X15.979Y36.665
G01 X15.903Y36.684
G01 X15.829Y36.711
G01 X15.758Y36.744
G01 X15.691Y36.785
G01 X15.627Y36.832
G01 X15.569Y36.884
G01 X15.517Y36.942
G01 X15.47Y37.006
G01 X15.429Y37.073
G01 X15.396Y37.144
G01 X15.369Y37.218
G01 X15.35Y37.294
G01 X15.339Y37.372
G01 X15.335Y37.45
G01 X15.339Y37.528
G01 X15.35Y37.606
G01 X15.369Y37.682
G01 X15.396Y37.756
G01 X15.429Y37.827
G01 X15.47Y37.894
G01 X15.517Y37.958
G01 X15.569Y38.016
G01 X15.625Y38.066
G01 X15.625Y38.95
G01 X15.625Y39.976
G01 X15.617Y39.982
G01 X15.559Y40.034
G01 X15.507Y40.092
G01 X15.46Y40.156
G01 X15.419Y40.223
G01 X15.386Y40.294
G01 X15.359Y40.368
G01 X15.34Y40.444
G01 X15.329Y40.522
G01 X15.325Y40.6
G01 X15.329Y40.678
G01 X15.34Y40.756
G01 X15.359Y40.832
G01 X15.386Y40.906
G01 X15.419Y40.977
G01 X15.46Y41.044
G01 X15.507Y41.108
G01 X15.559Y41.166
G01 X15.617Y41.218
G01 X15.681Y41.265
G01 X15.748Y41.306
G01 X15.819Y41.339
G01 X15.893Y41.366
G01 X15.969Y41.385
G01 X16.047Y41.396
G01 X16.125Y41.4
G01 X16.203Y41.396
G01 X16.281Y41.385
G01 X16.357Y41.366
G01 X16.431Y41.339
G01 X16.502Y41.306
G01 X16.502Y41.306
M5
G01 X46.226Y17.65
M3
G01 X46.297Y17.607
G01 X46.364Y17.557
G01 X46.426Y17.501
G01 X46.482Y17.439
G01 X46.532Y17.372
G01 X46.575Y17.301
G01 X46.61Y17.225
G01 X46.638Y17.147
G01 X46.659Y17.066
G01 X46.671Y16.983
G01 X46.675Y16.9
G01 X46.671Y16.817
G01 X46.659Y16.734
G01 X46.638Y16.653
G01 X46.61Y16.575
G01 X46.575Y16.499
G01 X46.532Y16.428
G01 X46.482Y16.361
G01 X46.426Y16.299
G01 X46.364Y16.243
G01 X46.297Y16.193
G01 X46.226Y16.15
G01 X46.15Y16.115
G01 X46.072Y16.087
G01 X45.991Y16.066
G01 X45.908Y16.054
G01 X45.825Y16.05
G01 X45.742Y16.054
G01 X45.659Y16.066
G01 X45.578Y16.087
G01 X45.5Y16.115
G01 X45.424Y16.15
G01 X45.353Y16.193
G01 X45.286Y16.243
G01 X45.224Y16.299
G01 X45.168Y16.361
G01 X45.118Y16.428
G01 X45.075Y16.499
G01 X45.04Y16.575
G01 X45.012Y16.653
G01 X44.991Y16.734
G01 X44.979Y16.817
G01 X44.975Y16.9
G01 X44.979Y16.983
G01 X44.991Y17.066
G01 X45.012Y17.147
G01 X45.04Y17.225
G01 X45.075Y17.301
G01 X45.118Y17.372
G01 X45.168Y17.439
G01 X45.224Y17.501
G01 X45.286Y17.557
G01 X45.353Y17.607
G01 X45.424Y17.65
G01 X45.5Y17.685
G01 X45.578Y17.713
G01 X45.659Y17.734
G01 X45.742Y17.746
G01 X45.825Y17.75
G01 X45.908Y17.746
G01 X45.991Y17.734
G01 X46.072Y17.713
G01 X46.15Y17.685
G01 X46.226Y17.65
G01 X46.226Y17.65
M5
G01 X46.15Y20.225
M3
G01 X46.226Y20.19
G01 X46.297Y20.147
G01 X46.364Y20.097
G01 X46.426Y20.041
G01 X46.482Y19.979
G01 X46.532Y19.912
G01 X46.575Y19.841
G01 X46.61Y19.765
G01 X46.638Y19.687
G01 X46.659Y19.606
G01 X46.671Y19.523
G01 X46.675Y19.44
G01 X46.671Y19.357
G01 X46.659Y19.274
G01 X46.638Y19.193
G01 X46.61Y19.115
G01 X46.575Y19.039
G01 X46.532Y18.968
G01 X46.482Y18.901
G01 X46.426Y18.839
G01 X46.364Y18.783
G01 X46.297Y18.733
G01 X46.226Y18.69
G01 X46.15Y18.655
G01 X46.072Y18.627
G01 X45.991Y18.606
G01 X45.908Y18.594
G01 X45.825Y18.59
G01 X45.742Y18.594
G01 X45.659Y18.606
G01 X45.578Y18.627
G01 X45.5Y18.655
G01 X45.424Y18.69
G01 X45.353Y18.733
G01 X45.286Y18.783
G01 X45.224Y18.839
G01 X45.168Y18.901
G01 X45.118Y18.968
G01 X45.075Y19.039
G01 X45.04Y19.115
G01 X45.012Y19.193
G01 X44.991Y19.274
G01 X44.979Y19.357
G01 X44.975Y19.44
G01 X44.979Y19.523
G01 X44.991Y19.606
G01 X45.012Y19.687
G01 X45.04Y19.765
G01 X45.075Y19.841
G01 X45.118Y19.912
G01 X45.168Y19.979
G01 X45.224Y20.041
G01 X45.286Y20.097
G01 X45.353Y20.147
G01 X45.424Y20.19
G01 X45.5Y20.225
G01 X45.578Y20.253
G01 X45.659Y20.274
G01 X45.742Y20.286
G01 X45.825Y20.29
G01 X45.908Y20.286
G01 X45.991Y20.274
G01 X46.072Y20.253
G01 X46.15Y20.225
G01 X46.15Y20.225
M5
G01 X40.018Y22.54
M3
G01 X40.051Y22.633
G01 X40.093Y22.721
G01 X40.144Y22.806
G01 X40.202Y22.884
G01 X40.268Y22.957
G01 X40.341Y23.023
G01 X40.419Y23.081
G01 X40.504Y23.132
G01 X40.592Y23.174
G01 X40.685Y23.207
G01 X40.78Y23.231
G01 X40.877Y23.245
G01 X40.975Y23.25
G01 X41.073Y23.245
G01 X41.17Y23.231
G01 X41.265Y23.207
G01 X41.358Y23.174
G01 X41.446Y23.132
G01 X41.531Y23.081
G01 X41.609Y23.023
G01 X41.682Y22.957
G01 X41.748Y22.884
G01 X41.806Y22.806
G01 X41.857Y22.721
G01 X41.899Y22.633
G01 X41.932Y22.54
G01 X41.956Y22.445
G01 X41.965Y22.38
G01 X44.975Y22.38
G01 X44.975Y22.83
G01 X46.675Y22.83
G01 X46.675Y21.13
G01 X44.975Y21.13
G01 X44.975Y21.58
G01 X41.716Y21.58
G01 X41.682Y21.543
G01 X41.609Y21.477
G01 X41.531Y21.419
G01 X41.446Y21.368
G01 X41.358Y21.326
G01 X41.265Y21.293
G01 X41.17Y21.269
G01 X41.073Y21.255
G01 X40.975Y21.25
G01 X40.877Y21.255
G01 X40.78Y21.269
G01 X40.685Y21.293
G01 X40.592Y21.326
G01 X40.504Y21.368
G01 X40.419Y21.419
G01 X40.341Y21.477
G01 X40.268Y21.543
G01 X40.202Y21.616
G01 X40.144Y21.694
G01 X40.093Y21.779
G01 X40.051Y21.867
G01 X40.018Y21.96
G01 X39.994Y22.055
G01 X39.98Y22.152
G01 X39.975Y22.25
G01 X39.98Y22.348
G01 X39.994Y22.445
G01 X40.018Y22.54
G01 X40.018Y22.54
M5
G01 X45.991Y25.354
M3
G01 X46.072Y25.333
G01 X46.15Y25.305
G01 X46.226Y25.27
G01 X46.297Y25.227
G01 X46.364Y25.177
G01 X46.426Y25.121
G01 X46.482Y25.059
G01 X46.532Y24.992
G01 X46.575Y24.921
G01 X46.61Y24.845
G01 X46.638Y24.767
G01 X46.659Y24.686
G01 X46.671Y24.603
G01 X46.675Y24.52
G01 X46.671Y24.437
G01 X46.659Y24.354
G01 X46.638Y24.273
G01 X46.61Y24.195
G01 X46.575Y24.119
G01 X46.532Y24.048
G01 X46.482Y23.981
G01 X46.426Y23.919
G01 X46.364Y23.863
G01 X46.297Y23.813
G01 X46.226Y23.77
G01 X46.15Y23.735
G01 X46.072Y23.707
G01 X45.991Y23.686
G01 X45.908Y23.674
G01 X45.825Y23.67
G01 X45.742Y23.674
G01 X45.659Y23.686
G01 X45.578Y23.707
G01 X45.5Y23.735
G01 X45.424Y23.77
G01 X45.353Y23.813
G01 X45.286Y23.863
G01 X45.224Y23.919
G01 X45.168Y23.981
G01 X45.118Y24.048
G01 X45.075Y24.119
G01 X45.04Y24.195
G01 X45.012Y24.273
G01 X44.991Y24.354
G01 X44.979Y24.437
G01 X44.975Y24.52
G01 X44.979Y24.603
G01 X44.991Y24.686
G01 X45.012Y24.767
G01 X45.04Y24.845
G01 X45.075Y24.921
G01 X45.118Y24.992
G01 X45.168Y25.059
G01 X45.224Y25.121
G01 X45.286Y25.177
G01 X45.353Y25.227
G01 X45.424Y25.27
G01 X45.5Y25.305
G01 X45.578Y25.333
G01 X45.659Y25.354
G01 X45.742Y25.366
G01 X45.825Y25.37
G01 X45.908Y25.366
G01 X45.991Y25.354
G01 X45.991Y25.354
M5
G01 X40.592Y25.826
M3
G01 X40.504Y25.868
G01 X40.419Y25.919
G01 X40.341Y25.977
G01 X40.268Y26.043
G01 X40.202Y26.116
G01 X40.144Y26.194
G01 X40.093Y26.279
G01 X40.051Y26.367
G01 X40.018Y26.46
G01 X39.994Y26.555
G01 X39.98Y26.652
G01 X39.975Y26.75
G01 X39.98Y26.848
G01 X39.994Y26.945
G01 X40.018Y27.04
G01 X40.051Y27.133
G01 X40.093Y27.221
G01 X40.144Y27.306
G01 X40.202Y27.384
G01 X40.268Y27.457
G01 X40.341Y27.523
G01 X40.419Y27.581
G01 X40.504Y27.632
G01 X40.592Y27.674
G01 X40.685Y27.707
G01 X40.78Y27.731
G01 X40.877Y27.745
G01 X40.975Y27.75
G01 X41.073Y27.745
G01 X41.17Y27.731
G01 X41.265Y27.707
G01 X41.358Y27.674
G01 X41.446Y27.632
G01 X41.531Y27.581
G01 X41.609Y27.523
G01 X41.679Y27.46
G01 X45.075Y27.46
G01 X45.075Y27.461
G01 X45.118Y27.532
G01 X45.168Y27.599
G01 X45.224Y27.661
G01 X45.286Y27.717
G01 X45.353Y27.767
G01 X45.424Y27.81
G01 X45.5Y27.845
G01 X45.578Y27.873
G01 X45.659Y27.894
G01 X45.742Y27.906
G01 X45.825Y27.91
G01 X45.908Y27.906
G01 X45.991Y27.894
G01 X46.072Y27.873
G01 X46.15Y27.845
G01 X46.226Y27.81
G01 X46.297Y27.767
G01 X46.364Y27.717
G01 X46.426Y27.661
G01 X46.482Y27.599
G01 X46.532Y27.532
G01 X46.575Y27.461
G01 X46.61Y27.385
G01 X46.638Y27.307
G01 X46.659Y27.226
G01 X46.671Y27.143
G01 X46.675Y27.06
G01 X46.671Y26.977
G01 X46.659Y26.894
G01 X46.638Y26.813
G01 X46.61Y26.735
G01 X46.575Y26.659
G01 X46.532Y26.588
G01 X46.482Y26.521
G01 X46.426Y26.459
G01 X46.364Y26.403
G01 X46.297Y26.353
G01 X46.226Y26.31
G01 X46.15Y26.275
G01 X46.072Y26.247
G01 X45.991Y26.226
G01 X45.908Y26.214
G01 X45.825Y26.21
G01 X45.742Y26.214
G01 X45.659Y26.226
G01 X45.578Y26.247
G01 X45.5Y26.275
G01 X45.424Y26.31
G01 X45.353Y26.353
G01 X45.286Y26.403
G01 X45.224Y26.459
G01 X45.168Y26.521
G01 X45.118Y26.588
G01 X45.075Y26.659
G01 X45.075Y26.66
G01 X41.971Y26.66
G01 X41.97Y26.652
G01 X41.956Y26.555
G01 X41.932Y26.46
G01 X41.899Y26.367
G01 X41.857Y26.279
G01 X41.806Y26.194
G01 X41.748Y26.116
G01 X41.682Y26.043
G01 X41.609Y25.977
G01 X41.531Y25.919
G01 X41.446Y25.868
G01 X41.358Y25.826
G01 X41.265Y25.793
G01 X41.17Y25.769
G01 X41.073Y25.755
G01 X40.975Y25.75
G01 X40.877Y25.755
G01 X40.78Y25.769
G01 X40.685Y25.793
G01 X40.592Y25.826
G01 X40.592Y25.826
M5
G01 X45.825Y30.45
M3
G01 X45.908Y30.446
G01 X45.991Y30.434
G01 X46.072Y30.413
G01 X46.15Y30.385
G01 X46.226Y30.35
G01 X46.297Y30.307
G01 X46.364Y30.257
G01 X46.426Y30.201
G01 X46.482Y30.139
G01 X46.532Y30.072
G01 X46.575Y30.001
G01 X46.61Y29.925
G01 X46.638Y29.847
G01 X46.659Y29.766
G01 X46.671Y29.683
G01 X46.675Y29.6
G01 X46.671Y29.517
G01 X46.659Y29.434
G01 X46.638Y29.353
G01 X46.61Y29.275
G01 X46.575Y29.199
G01 X46.532Y29.128
G01 X46.482Y29.061
G01 X46.426Y28.999
G01 X46.364Y28.943
G01 X46.297Y28.893
G01 X46.226Y28.85
G01 X46.15Y28.815
G01 X46.072Y28.787
G01 X45.991Y28.766
G01 X45.908Y28.754
G01 X45.825Y28.75
G01 X45.742Y28.754
G01 X45.659Y28.766
G01 X45.578Y28.787
G01 X45.5Y28.815
G01 X45.424Y28.85
G01 X45.353Y28.893
G01 X45.286Y28.943
G01 X45.224Y28.999
G01 X45.168Y29.061
G01 X45.118Y29.128
G01 X45.075Y29.199
G01 X45.04Y29.275
G01 X45.012Y29.353
G01 X44.991Y29.434
G01 X44.979Y29.517
G01 X44.975Y29.6
G01 X44.979Y29.683
G01 X44.991Y29.766
G01 X45.012Y29.847
G01 X45.04Y29.925
G01 X45.075Y30.001
G01 X45.118Y30.072
G01 X45.168Y30.139
G01 X45.224Y30.201
G01 X45.286Y30.257
G01 X45.353Y30.307
G01 X45.424Y30.35
G01 X45.5Y30.385
G01 X45.578Y30.413
G01 X45.659Y30.434
G01 X45.742Y30.446
G01 X45.825Y30.45
G01 X45.825Y30.45
M5
G01 X45.742Y32.986
M3
G01 X45.825Y32.99
G01 X45.908Y32.986
G01 X45.991Y32.974
G01 X46.072Y32.953
G01 X46.15Y32.925
G01 X46.226Y32.89
G01 X46.297Y32.847
G01 X46.364Y32.797
G01 X46.426Y32.741
G01 X46.482Y32.679
G01 X46.532Y32.612
G01 X46.575Y32.541
G01 X46.61Y32.465
G01 X46.638Y32.387
G01 X46.659Y32.306
G01 X46.671Y32.223
G01 X46.675Y32.14
G01 X46.671Y32.057
G01 X46.659Y31.974
G01 X46.638Y31.893
G01 X46.61Y31.815
G01 X46.575Y31.739
G01 X46.532Y31.668
G01 X46.482Y31.601
G01 X46.426Y31.539
G01 X46.364Y31.483
G01 X46.297Y31.433
G01 X46.226Y31.39
G01 X46.15Y31.355
G01 X46.072Y31.327
G01 X45.991Y31.306
G01 X45.908Y31.294
G01 X45.825Y31.29
G01 X45.742Y31.294
G01 X45.659Y31.306
G01 X45.578Y31.327
G01 X45.5Y31.355
G01 X45.424Y31.39
G01 X45.353Y31.433
G01 X45.286Y31.483
G01 X45.224Y31.539
G01 X45.168Y31.601
G01 X45.118Y31.668
G01 X45.075Y31.739
G01 X45.04Y31.815
G01 X45.012Y31.893
G01 X44.991Y31.974
G01 X44.979Y32.057
G01 X44.975Y32.14
G01 X44.979Y32.223
G01 X44.991Y32.306
G01 X45.012Y32.387
G01 X45.04Y32.465
G01 X45.075Y32.541
G01 X45.118Y32.612
G01 X45.168Y32.679
G01 X45.224Y32.741
G01 X45.286Y32.797
G01 X45.353Y32.847
G01 X45.424Y32.89
G01 X45.5Y32.925
G01 X45.578Y32.953
G01 X45.659Y32.974
G01 X45.742Y32.986
G01 X45.742Y32.986
M5
G01 X44.975Y35.53
M3
G01 X46.675Y35.53
G01 X46.675Y33.83
G01 X44.975Y33.83
G01 X44.975Y35.53
G01 X44.975Y35.53
M5
G01 X45.578Y38.033
M3
G01 X45.659Y38.054
G01 X45.742Y38.066
G01 X45.825Y38.07
G01 X45.908Y38.066
G01 X45.991Y38.054
G01 X46.072Y38.033
G01 X46.15Y38.005
G01 X46.226Y37.97
G01 X46.297Y37.927
G01 X46.364Y37.877
G01 X46.426Y37.821
G01 X46.482Y37.759
G01 X46.532Y37.692
G01 X46.575Y37.621
G01 X46.61Y37.545
G01 X46.638Y37.467
G01 X46.659Y37.386
G01 X46.671Y37.303
G01 X46.675Y37.22
G01 X46.671Y37.137
G01 X46.659Y37.054
G01 X46.638Y36.973
G01 X46.61Y36.895
G01 X46.575Y36.819
G01 X46.532Y36.748
G01 X46.482Y36.681
G01 X46.426Y36.619
G01 X46.364Y36.563
G01 X46.297Y36.513
G01 X46.226Y36.47
G01 X46.15Y36.435
G01 X46.072Y36.407
G01 X45.991Y36.386
G01 X45.908Y36.374
G01 X45.825Y36.37
G01 X45.742Y36.374
G01 X45.659Y36.386
G01 X45.578Y36.407
G01 X45.5Y36.435
G01 X45.424Y36.47
G01 X45.353Y36.513
G01 X45.286Y36.563
G01 X45.224Y36.619
G01 X45.168Y36.681
G01 X45.118Y36.748
G01 X45.075Y36.819
G01 X45.04Y36.895
G01 X45.012Y36.973
G01 X44.991Y37.054
G01 X44.979Y37.137
G01 X44.975Y37.22
G01 X44.979Y37.303
G01 X44.991Y37.386
G01 X45.012Y37.467
G01 X45.04Y37.545
G01 X45.075Y37.621
G01 X45.118Y37.692
G01 X45.168Y37.759
G01 X45.224Y37.821
G01 X45.286Y37.877
G01 X45.353Y37.927
G01 X45.424Y37.97
G01 X45.5Y38.005
G01 X45.578Y38.033
G01 X45.578Y38.033
M5
G01 X45.5Y40.545
M3
G01 X45.578Y40.573
G01 X45.659Y40.594
G01 X45.742Y40.606
G01 X45.825Y40.61
G01 X45.908Y40.606
G01 X45.991Y40.594
G01 X46.072Y40.573
G01 X46.15Y40.545
G01 X46.226Y40.51
G01 X46.297Y40.467
G01 X46.364Y40.417
G01 X46.426Y40.361
G01 X46.482Y40.299
G01 X46.532Y40.232
G01 X46.575Y40.161
G01 X46.61Y40.085
G01 X46.638Y40.007
G01 X46.659Y39.926
G01 X46.671Y39.843
G01 X46.675Y39.76
G01 X46.671Y39.677
G01 X46.659Y39.594
G01 X46.638Y39.513
G01 X46.61Y39.435
G01 X46.575Y39.359
G01 X46.532Y39.288
G01 X46.482Y39.221
G01 X46.426Y39.159
G01 X46.364Y39.103
G01 X46.297Y39.053
G01 X46.226Y39.01
G01 X46.15Y38.975
G01 X46.072Y38.947
G01 X45.991Y38.926
G01 X45.908Y38.914
G01 X45.825Y38.91
G01 X45.742Y38.914
G01 X45.659Y38.926
G01 X45.578Y38.947
G01 X45.5Y38.975
G01 X45.424Y39.01
G01 X45.353Y39.053
G01 X45.286Y39.103
G01 X45.224Y39.159
G01 X45.168Y39.221
G01 X45.118Y39.288
G01 X45.075Y39.359
G01 X45.04Y39.435
G01 X45.012Y39.513
G01 X44.991Y39.594
G01 X44.979Y39.677
G01 X44.975Y39.76
G01 X44.979Y39.843
G01 X44.991Y39.926
G01 X45.012Y40.007
G01 X45.04Y40.085
G01 X45.075Y40.161
G01 X45.118Y40.232
G01 X45.168Y40.299
G01 X45.224Y40.361
G01 X45.286Y40.417
G01 X45.353Y40.467
G01 X45.424Y40.51
G01 X45.5Y40.545
G01 X45.5Y40.545
M5
G01 X45.424Y43.05
M3
G01 X45.5Y43.085
G01 X45.578Y43.113
G01 X45.659Y43.134
G01 X45.742Y43.146
G01 X45.825Y43.15
G01 X45.908Y43.146
G01 X45.991Y43.134
G01 X46.072Y43.113
G01 X46.15Y43.085
G01 X46.226Y43.05
G01 X46.297Y43.007
G01 X46.364Y42.957
G01 X46.426Y42.901
G01 X46.482Y42.839
G01 X46.532Y42.772
G01 X46.575Y42.701
G01 X46.61Y42.625
G01 X46.638Y42.547
G01 X46.659Y42.466
G01 X46.671Y42.383
G01 X46.675Y42.3
G01 X46.671Y42.217
G01 X46.659Y42.134
G01 X46.638Y42.053
G01 X46.61Y41.975
G01 X46.575Y41.899
G01 X46.532Y41.828
G01 X46.482Y41.761
G01 X46.426Y41.699
G01 X46.364Y41.643
G01 X46.297Y41.593
G01 X46.226Y41.55
G01 X46.15Y41.515
G01 X46.072Y41.487
G01 X45.991Y41.466
G01 X45.908Y41.454
G01 X45.825Y41.45
G01 X45.742Y41.454
G01 X45.659Y41.466
G01 X45.578Y41.487
G01 X45.5Y41.515
G01 X45.424Y41.55
G01 X45.353Y41.593
G01 X45.286Y41.643
G01 X45.224Y41.699
G01 X45.168Y41.761
G01 X45.118Y41.828
G01 X45.075Y41.899
G01 X45.04Y41.975
G01 X45.012Y42.053
G01 X44.991Y42.134
G01 X44.979Y42.217
G01 X44.975Y42.3
G01 X44.979Y42.383
G01 X44.991Y42.466
G01 X45.012Y42.547
G01 X45.04Y42.625
G01 X45.075Y42.701
G01 X45.118Y42.772
G01 X45.168Y42.839
G01 X45.224Y42.901
G01 X45.286Y42.957
G01 X45.353Y43.007
G01 X45.424Y43.05
G01 X45.424Y43.05
M5
G01 X45.353Y45.547
M3
G01 X45.424Y45.59
G01 X45.5Y45.625
G01 X45.578Y45.653
G01 X45.659Y45.674
G01 X45.742Y45.686
G01 X45.825Y45.69
G01 X45.908Y45.686
G01 X45.991Y45.674
G01 X46.072Y45.653
G01 X46.15Y45.625
G01 X46.226Y45.59
G01 X46.297Y45.547
G01 X46.364Y45.497
G01 X46.426Y45.441
G01 X46.482Y45.379
G01 X46.532Y45.312
G01 X46.575Y45.241
G01 X46.61Y45.165
G01 X46.638Y45.087
G01 X46.659Y45.006
G01 X46.671Y44.923
G01 X46.675Y44.84
G01 X46.671Y44.757
G01 X46.659Y44.674
G01 X46.638Y44.593
G01 X46.61Y44.515
G01 X46.575Y44.439
G01 X46.532Y44.368
G01 X46.482Y44.301
G01 X46.426Y44.239
G01 X46.364Y44.183
G01 X46.297Y44.133
G01 X46.226Y44.09
G01 X46.15Y44.055
G01 X46.072Y44.027
G01 X45.991Y44.006
G01 X45.908Y43.994
G01 X45.825Y43.99
G01 X45.742Y43.994
G01 X45.659Y44.006
G01 X45.578Y44.027
G01 X45.5Y44.055
G01 X45.424Y44.09
G01 X45.353Y44.133
G01 X45.286Y44.183
G01 X45.224Y44.239
G01 X45.168Y44.301
G01 X45.118Y44.368
G01 X45.075Y44.439
G01 X45.04Y44.515
G01 X45.012Y44.593
G01 X44.991Y44.674
G01 X44.979Y44.757
G01 X44.975Y44.84
G01 X44.979Y44.923
G01 X44.991Y45.006
G01 X45.012Y45.087
G01 X45.04Y45.165
G01 X45.075Y45.241
G01 X45.118Y45.312
G01 X45.168Y45.379
G01 X45.224Y45.441
G01 X45.286Y45.497
G01 X45.353Y45.547
G01 X45.353Y45.547
M5
G01 X4.117Y33.554
M3
G01 X4.034Y33.566
G01 X3.953Y33.587
G01 X3.875Y33.615
G01 X3.8Y33.65
G01 X2.725Y33.65
G01 X2.725Y33.65
G01 X2.725Y33.65
G01 X2.651Y33.654
G01 X2.579Y33.664
G01 X2.561Y33.669
G01 X2.507Y33.682
G01 X2.438Y33.707
G01 X2.399Y33.726
G01 X2.371Y33.739
G01 X2.34Y33.758
G01 X2.308Y33.776
G01 X2.249Y33.82
G01 X2.232Y33.836
G01 X2.195Y33.87
G01 X1.47Y34.595
G01 X1.431Y34.637
G01 X1.42Y34.649
G01 X1.376Y34.708
G01 X1.339Y34.771
G01 X1.339Y34.771
G01 X1.339Y34.771
G01 X1.329Y34.791
G01 X1.307Y34.838
G01 X1.307Y34.838
G01 X1.307Y34.838
G01 X1.294Y34.874
G01 X1.282Y34.907
G01 X1.273Y34.943
G01 X1.264Y34.979
G01 X1.264Y34.979
G01 X1.264Y34.979
G01 X1.26Y35.009
G01 X1.254Y35.051
G01 X1.254Y35.051
G01 X1.254Y35.051
G01 X1.252Y35.086
G01 X1.25Y35.125
G01 X1.25Y35.125
G01 X1.25Y41.375
G01 X1.254Y41.449
G01 X1.264Y41.521
G01 X1.282Y41.593
G01 X1.307Y41.662
G01 X1.339Y41.729
G01 X1.376Y41.792
G01 X1.42Y41.851
G01 X1.47Y41.905
G01 X8.7Y49.135
G01 X8.754Y49.185
G01 X8.813Y49.229
G01 X8.876Y49.266
G01 X8.943Y49.298
G01 X9.012Y49.323
G01 X9.084Y49.341
G01 X9.131Y49.348
G01 X9.13Y49.705
G01 X9.135Y49.803
G01 X9.149Y49.9
G01 X9.173Y49.995
G01 X9.206Y50.088
G01 X9.248Y50.176
G01 X9.299Y50.261
G01 X9.357Y50.339
G01 X9.423Y50.412
G01 X9.496Y50.478
G01 X9.574Y50.536
G01 X9.659Y50.587
G01 X9.747Y50.629
G01 X9.84Y50.662
G01 X9.935Y50.686
G01 X10.032Y50.7
G01 X10.13Y50.705
G01 X10.228Y50.7
G01 X10.325Y50.686
G01 X10.42Y50.662
G01 X10.513Y50.629
G01 X10.601Y50.587
G01 X10.686Y50.536
G01 X10.764Y50.478
G01 X10.837Y50.412
G01 X10.903Y50.339
G01 X10.961Y50.261
G01 X11.012Y50.176
G01 X11.054Y50.088
G01 X11.087Y49.995
G01 X11.111Y49.9
G01 X11.125Y49.803
G01 X11.13Y47.505
G01 X11.125Y47.407
G01 X11.111Y47.31
G01 X11.087Y47.215
G01 X11.054Y47.122
G01 X11.012Y47.034
G01 X10.961Y46.949
G01 X10.903Y46.871
G01 X10.837Y46.798
G01 X10.764Y46.732
G01 X10.686Y46.674
G01 X10.601Y46.623
G01 X10.513Y46.581
G01 X10.42Y46.548
G01 X10.325Y46.524
G01 X10.228Y46.51
G01 X10.13Y46.505
G01 X10.032Y46.51
G01 X9.935Y46.524
G01 X9.84Y46.548
G01 X9.747Y46.581
G01 X9.659Y46.623
G01 X9.574Y46.674
G01 X9.496Y46.732
G01 X9.423Y46.798
G01 X9.357Y46.871
G01 X9.299Y46.949
G01 X9.248Y47.034
G01 X9.206Y47.122
G01 X9.173Y47.215
G01 X9.149Y47.31
G01 X9.135Y47.407
G01 X9.135Y47.449
G01 X2.75Y41.064
G01 X2.75Y35.436
G01 X3.036Y35.15
G01 X3.8Y35.15
G01 X3.875Y35.185
G01 X3.953Y35.213
G01 X4.034Y35.234
G01 X4.117Y35.246
G01 X4.45Y35.25
G01 X4.533Y35.246
G01 X4.616Y35.234
G01 X4.697Y35.213
G01 X4.775Y35.185
G01 X4.85Y35.15
G01 X7.725Y35.15
G01 X7.765Y35.148
G01 X7.765Y37.174
G01 X7.749Y37.218
G01 X7.73Y37.294
G01 X7.719Y37.372
G01 X7.715Y37.45
G01 X7.719Y37.528
G01 X7.73Y37.606
G01 X7.749Y37.682
G01 X7.776Y37.756
G01 X7.809Y37.827
G01 X7.85Y37.894
G01 X7.897Y37.958
G01 X7.949Y38.016
G01 X8.007Y38.068
G01 X8.071Y38.115
G01 X8.138Y38.156
G01 X8.209Y38.189
G01 X8.283Y38.216
G01 X8.359Y38.235
G01 X8.437Y38.246
G01 X8.515Y38.25
G01 X8.593Y38.246
G01 X8.671Y38.235
G01 X8.747Y38.216
G01 X8.821Y38.189
G01 X8.892Y38.156
G01 X8.959Y38.115
G01 X9.023Y38.068
G01 X9.081Y38.016
G01 X9.133Y37.958
G01 X9.18Y37.894
G01 X9.221Y37.827
G01 X9.254Y37.756
G01 X9.281Y37.682
G01 X9.3Y37.606
G01 X9.311Y37.528
G01 X9.315Y37.45
G01 X9.311Y37.372
G01 X9.3Y37.294
G01 X9.281Y37.218
G01 X9.265Y37.174
G01 X9.265Y33.921
G01 X10.136Y33.05
G01 X30.825Y33.05
G01 X30.825Y33.05
G01 X30.829Y33.05
G01 X30.899Y33.046
G01 X30.961Y33.037
G01 X30.971Y33.036
G01 X31.043Y33.018
G01 X31.112Y32.993
G01 X31.143Y32.978
G01 X31.179Y32.961
G01 X31.242Y32.924
G01 X31.257Y32.912
G01 X31.301Y32.88
G01 X31.35Y32.835
G01 X31.355Y32.83
G01 X32.055Y32.13
G01 X32.079Y32.104
G01 X32.105Y32.076
G01 X32.149Y32.017
G01 X32.164Y31.991
G01 X32.186Y31.954
G01 X32.201Y31.922
G01 X32.218Y31.887
G01 X32.243Y31.818
G01 X32.256Y31.764
G01 X32.261Y31.746
G01 X32.271Y31.674
G01 X32.275Y31.6
G01 X32.275Y31.6
G01 X32.275Y31.6
G01 X32.275Y21.391
G01 X35.76Y17.905
G01 X35.802Y17.886
G01 X35.869Y17.845
G01 X35.933Y17.798
G01 X35.991Y17.746
G01 X36.043Y17.688
G01 X36.09Y17.624
G01 X36.131Y17.557
G01 X36.164Y17.486
G01 X36.191Y17.412
G01 X36.21Y17.336
G01 X36.221Y17.258
G01 X36.225Y17.18
G01 X36.221Y17.102
G01 X36.21Y17.024
G01 X36.191Y16.948
G01 X36.164Y16.874
G01 X36.131Y16.803
G01 X36.09Y16.736
G01 X36.043Y16.672
G01 X35.991Y16.614
G01 X35.933Y16.562
G01 X35.869Y16.515
G01 X35.802Y16.474
G01 X35.731Y16.441
G01 X35.657Y16.414
G01 X35.581Y16.395
G01 X35.503Y16.384
G01 X35.425Y16.38
G01 X35.347Y16.384
G01 X35.269Y16.395
G01 X35.193Y16.414
G01 X35.119Y16.441
G01 X35.1Y16.45
G01 X29.125Y16.45
G01 X29.05Y16.415
G01 X28.972Y16.387
G01 X28.891Y16.366
G01 X28.808Y16.354
G01 X28.725Y16.35
G01 X28.642Y16.354
G01 X28.559Y16.366
G01 X28.478Y16.387
G01 X28.4Y16.415
G01 X28.325Y16.45
G01 X26.836Y16.45
G01 X25.775Y15.389
G01 X25.775Y7.447
G01 X25.787Y7.456
G01 X25.829Y7.481
G01 X25.874Y7.502
G01 X25.92Y7.518
G01 X25.967Y7.53
G01 X26.016Y7.538
G01 X26.065Y7.54
G01 X28.039Y7.54
G01 X28.068Y7.579
G01 X28.124Y7.641
G01 X28.186Y7.697
G01 X28.253Y7.747
G01 X28.324Y7.79
G01 X28.4Y7.825
G01 X28.478Y7.853
G01 X28.559Y7.874
G01 X28.642Y7.886
G01 X28.725Y7.89
G01 X28.808Y7.886
G01 X28.891Y7.874
G01 X28.972Y7.853
G01 X29.05Y7.825
G01 X29.126Y7.79
G01 X29.197Y7.747
G01 X29.264Y7.697
G01 X29.326Y7.641
G01 X29.382Y7.579
G01 X29.432Y7.512
G01 X29.475Y7.441
G01 X29.51Y7.365
G01 X29.538Y7.287
G01 X29.559Y7.206
G01 X29.571Y7.123
G01 X29.575Y7.04
G01 X29.571Y6.957
G01 X29.559Y6.874
G01 X29.538Y6.793
G01 X29.51Y6.715
G01 X29.475Y6.639
G01 X29.432Y6.568
G01 X29.382Y6.501
G01 X29.326Y6.439
G01 X29.264Y6.383
G01 X29.197Y6.333
G01 X29.126Y6.29
G01 X29.05Y6.255
G01 X28.972Y6.227
G01 X28.891Y6.206
G01 X28.808Y6.194
G01 X28.725Y6.19
G01 X28.642Y6.194
G01 X28.559Y6.206
G01 X28.478Y6.227
G01 X28.4Y6.255
G01 X28.324Y6.29
G01 X28.253Y6.333
G01 X28.186Y6.383
G01 X28.124Y6.439
G01 X28.068Y6.501
G01 X28.039Y6.54
G01 X26.272Y6.54
G01 X25.775Y6.043
G01 X25.775Y6.0
G01 X25.775Y3.811
G01 X26.836Y2.75
G01 X49.325Y2.75
G01 X49.775Y2.75
G01 X49.775Y42.941
G01 X46.186Y46.53
G01 X44.975Y46.53
G01 X44.975Y46.63
G01 X32.915Y46.63
G01 X32.841Y46.634
G01 X32.769Y46.644
G01 X32.697Y46.662
G01 X32.628Y46.687
G01 X32.561Y46.719
G01 X32.498Y46.756
G01 X32.439Y46.8
G01 X32.413Y46.824
G01 X32.385Y46.85
G01 X29.84Y49.395
G01 X29.798Y49.414
G01 X29.731Y49.455
G01 X29.667Y49.502
G01 X29.609Y49.554
G01 X29.557Y49.612
G01 X29.51Y49.676
G01 X29.469Y49.743
G01 X29.436Y49.814
G01 X29.409Y49.888
G01 X29.39Y49.964
G01 X29.379Y50.042
G01 X29.375Y50.12
G01 X29.379Y50.198
G01 X29.39Y50.276
G01 X29.409Y50.352
G01 X29.436Y50.426
G01 X29.469Y50.497
G01 X29.51Y50.564
G01 X29.557Y50.628
G01 X29.609Y50.686
G01 X29.667Y50.738
G01 X29.731Y50.785
G01 X29.798Y50.826
G01 X29.869Y50.859
G01 X29.943Y50.886
G01 X30.019Y50.905
G01 X30.097Y50.916
G01 X30.175Y50.92
G01 X30.253Y50.916
G01 X30.331Y50.905
G01 X30.407Y50.886
G01 X30.481Y50.859
G01 X30.552Y50.826
G01 X30.619Y50.785
G01 X30.683Y50.738
G01 X30.741Y50.686
G01 X30.793Y50.628
G01 X30.84Y50.564
G01 X30.881Y50.497
G01 X30.9Y50.455
G01 X33.226Y48.13
G01 X44.975Y48.13
G01 X44.975Y48.23
G01 X46.675Y48.23
G01 X46.675Y48.076
G01 X46.683Y48.073
G01 X46.75Y48.041
G01 X46.813Y48.004
G01 X46.872Y47.96
G01 X46.927Y47.91
G01 X51.055Y43.782
G01 X51.081Y43.753
G01 X51.105Y43.727
G01 X51.149Y43.668
G01 X51.186Y43.605
G01 X51.218Y43.538
G01 X51.243Y43.469
G01 X51.261Y43.398
G01 X51.271Y43.325
G01 X51.275Y43.251
G01 X51.275Y2.75
G01 X68.726Y2.75
G01 X77.075Y11.099
G01 X77.075Y27.16
G01 X77.075Y29.531
G01 X77.075Y45.4
G01 X77.079Y45.474
G01 X77.089Y45.546
G01 X77.107Y45.618
G01 X77.132Y45.687
G01 X77.164Y45.754
G01 X77.201Y45.817
G01 X77.245Y45.876
G01 X77.295Y45.93
G01 X79.135Y47.77
G01 X79.189Y47.82
G01 X79.248Y47.864
G01 X79.311Y47.901
G01 X79.378Y47.933
G01 X79.447Y47.958
G01 X79.519Y47.976
G01 X79.591Y47.986
G01 X79.665Y47.99
G01 X80.625Y47.99
G01 X80.625Y48.04
G01 X82.225Y48.04
G01 X82.225Y46.44
G01 X80.625Y46.44
G01 X80.625Y46.49
G01 X79.976Y46.49
G01 X78.575Y45.089
G01 X78.575Y31.342
G01 X78.745Y31.512
G01 X79.763Y32.53
G01 X79.818Y32.58
G01 X79.877Y32.624
G01 X79.94Y32.661
G01 X80.007Y32.693
G01 X80.076Y32.718
G01 X80.147Y32.736
G01 X80.22Y32.746
G01 X80.294Y32.75
G01 X81.149Y32.75
G01 X81.193Y32.766
G01 X81.269Y32.785
G01 X81.347Y32.796
G01 X81.425Y32.8
G01 X81.503Y32.796
G01 X81.581Y32.785
G01 X81.657Y32.766
G01 X81.701Y32.75
G01 X83.575Y32.75
G01 X83.649Y32.746
G01 X83.721Y32.736
G01 X83.793Y32.718
G01 X83.862Y32.693
G01 X83.929Y32.661
G01 X83.992Y32.624
G01 X84.051Y32.58
G01 X84.105Y32.53
G01 X87.46Y29.175
G01 X87.502Y29.156
G01 X87.569Y29.115
G01 X87.633Y29.068
G01 X87.691Y29.016
G01 X87.743Y28.958
G01 X87.79Y28.894
G01 X87.831Y28.827
G01 X87.864Y28.756
G01 X87.891Y28.682
G01 X87.91Y28.606
G01 X87.921Y28.528
G01 X87.925Y28.45
G01 X87.921Y28.372
G01 X87.91Y28.294
G01 X87.891Y28.218
G01 X87.864Y28.144
G01 X87.831Y28.073
G01 X87.79Y28.006
G01 X87.743Y27.942
G01 X87.691Y27.884
G01 X87.633Y27.832
G01 X87.569Y27.785
G01 X87.502Y27.744
G01 X87.431Y27.711
G01 X87.357Y27.684
G01 X87.281Y27.665
G01 X87.203Y27.654
G01 X87.125Y27.65
G01 X87.047Y27.654
G01 X86.969Y27.665
G01 X86.893Y27.684
G01 X86.819Y27.711
G01 X86.748Y27.744
G01 X86.681Y27.785
G01 X86.617Y27.832
G01 X86.559Y27.884
G01 X86.507Y27.942
G01 X86.46Y28.006
G01 X86.419Y28.073
G01 X86.4Y28.115
G01 X83.264Y31.25
G01 X81.701Y31.25
G01 X81.657Y31.234
G01 X81.581Y31.215
G01 X81.503Y31.204
G01 X81.425Y31.2
G01 X81.347Y31.204
G01 X81.269Y31.215
G01 X81.193Y31.234
G01 X81.149Y31.25
G01 X80.604Y31.25
G01 X79.805Y30.451
G01 X78.575Y29.221
G01 X78.575Y27.471
G01 X79.805Y26.24
G01 X81.686Y24.36
G01 X82.225Y24.36
G01 X82.225Y22.76
G01 X80.625Y22.76
G01 X80.625Y23.299
G01 X78.745Y25.18
G01 X78.575Y25.349
G01 X78.575Y11.099
G01 X80.604Y9.07
G01 X81.149Y9.07
G01 X81.193Y9.086
G01 X81.269Y9.105
G01 X81.347Y9.116
G01 X81.425Y9.12
G01 X81.503Y9.116
G01 X81.581Y9.105
G01 X81.657Y9.086
G01 X81.731Y9.059
G01 X81.802Y9.026
G01 X81.869Y8.985
G01 X81.933Y8.938
G01 X81.991Y8.886
G01 X82.043Y8.828
G01 X82.09Y8.764
G01 X82.131Y8.697
G01 X82.164Y8.626
G01 X82.191Y8.552
G01 X82.21Y8.476
G01 X82.221Y8.398
G01 X82.225Y8.32
G01 X82.221Y8.242
G01 X82.21Y8.164
G01 X82.191Y8.088
G01 X82.164Y8.014
G01 X82.131Y7.943
G01 X82.09Y7.876
G01 X82.043Y7.812
G01 X81.991Y7.754
G01 X81.933Y7.702
G01 X81.869Y7.655
G01 X81.802Y7.614
G01 X81.731Y7.581
G01 X81.657Y7.554
G01 X81.581Y7.535
G01 X81.503Y7.524
G01 X81.425Y7.52
G01 X81.347Y7.524
G01 X81.269Y7.535
G01 X81.193Y7.554
G01 X81.149Y7.57
G01 X80.294Y7.57
G01 X80.22Y7.574
G01 X80.147Y7.584
G01 X80.076Y7.602
G01 X80.007Y7.627
G01 X79.94Y7.659
G01 X79.877Y7.696
G01 X79.818Y7.74
G01 X79.763Y7.79
G01 X77.825Y9.728
G01 X69.567Y1.47
G01 X69.512Y1.42
G01 X69.453Y1.376
G01 X69.39Y1.339
G01 X69.323Y1.307
G01 X69.254Y1.282
G01 X69.183Y1.264
G01 X69.11Y1.254
G01 X69.036Y1.25
G01 X50.525Y1.25
G01 X49.325Y1.25
G01 X26.525Y1.25
G01 X26.451Y1.254
G01 X26.379Y1.264
G01 X26.307Y1.282
G01 X26.238Y1.307
G01 X26.171Y1.339
G01 X26.108Y1.376
G01 X26.049Y1.42
G01 X25.995Y1.47
G01 X24.495Y2.97
G01 X24.445Y3.024
G01 X24.401Y3.083
G01 X24.364Y3.146
G01 X24.332Y3.213
G01 X24.307Y3.282
G01 X24.289Y3.354
G01 X24.279Y3.426
G01 X24.275Y3.5
G01 X24.275Y6.0
G01 X24.275Y15.7
G01 X24.279Y15.774
G01 X24.289Y15.846
G01 X24.307Y15.918
G01 X24.332Y15.987
G01 X24.364Y16.054
G01 X24.401Y16.117
G01 X24.445Y16.176
G01 X24.495Y16.23
G01 X25.995Y17.73
G01 X26.049Y17.78
G01 X26.108Y17.824
G01 X26.171Y17.861
G01 X26.238Y17.893
G01 X26.307Y17.918
G01 X26.379Y17.936
G01 X26.451Y17.946
G01 X26.525Y17.95
G01 X28.325Y17.95
G01 X28.4Y17.985
G01 X28.478Y18.013
G01 X28.559Y18.034
G01 X28.642Y18.046
G01 X28.725Y18.05
G01 X28.808Y18.046
G01 X28.891Y18.034
G01 X28.972Y18.013
G01 X29.05Y17.985
G01 X29.125Y17.95
G01 X33.594Y17.95
G01 X30.995Y20.55
G01 X30.995Y20.55
G01 X30.945Y20.604
G01 X30.901Y20.663
G01 X30.864Y20.726
G01 X30.832Y20.793
G01 X30.807Y20.862
G01 X30.789Y20.934
G01 X30.779Y21.006
G01 X30.775Y21.08
G01 X30.775Y21.08
G01 X30.775Y31.289
G01 X30.514Y31.55
G01 X9.825Y31.55
G01 X9.751Y31.554
G01 X9.679Y31.564
G01 X9.607Y31.582
G01 X9.538Y31.607
G01 X9.471Y31.639
G01 X9.408Y31.676
G01 X9.349Y31.72
G01 X9.295Y31.77
G01 X7.985Y33.08
G01 X7.414Y33.65
G01 X4.85Y33.65
G01 X4.775Y33.615
G01 X4.697Y33.587
G01 X4.616Y33.566
G01 X4.533Y33.554
G01 X4.2Y33.55
G01 X4.117Y33.554
G01 X4.117Y33.554
M5
G01 X69.031Y42.899
M3
G01 X69.102Y42.866
G01 X69.169Y42.825
G01 X69.233Y42.778
G01 X69.291Y42.726
G01 X69.343Y42.668
G01 X69.39Y42.604
G01 X69.431Y42.537
G01 X69.464Y42.466
G01 X69.491Y42.392
G01 X69.51Y42.316
G01 X69.521Y42.238
G01 X69.525Y42.16
G01 X69.521Y42.082
G01 X69.51Y42.004
G01 X69.491Y41.928
G01 X69.475Y41.884
G01 X69.475Y39.896
G01 X69.491Y39.852
G01 X69.51Y39.776
G01 X69.521Y39.698
G01 X69.525Y39.62
G01 X69.521Y39.542
G01 X69.51Y39.464
G01 X69.491Y39.388
G01 X69.475Y39.344
G01 X69.475Y37.356
G01 X69.491Y37.312
G01 X69.51Y37.236
G01 X69.521Y37.158
G01 X69.525Y37.08
G01 X69.521Y37.002
G01 X69.51Y36.924
G01 X69.491Y36.848
G01 X69.475Y36.804
G01 X69.475Y34.816
G01 X69.478Y34.808
G01 X72.855Y31.43
G01 X72.855Y31.43
G01 X72.905Y31.376
G01 X72.949Y31.317
G01 X72.981Y31.263
G01 X72.986Y31.254
G01 X73.018Y31.187
G01 X73.043Y31.118
G01 X73.061Y31.046
G01 X73.071Y30.974
G01 X73.075Y30.9
G01 X73.075Y26.9
G01 X73.075Y19.54
G01 X73.071Y19.466
G01 X73.061Y19.394
G01 X73.043Y19.322
G01 X73.018Y19.253
G01 X72.986Y19.186
G01 X72.949Y19.123
G01 X72.905Y19.064
G01 X72.855Y19.01
G01 X69.475Y15.629
G01 X69.475Y13.676
G01 X69.491Y13.632
G01 X69.51Y13.556
G01 X69.521Y13.478
G01 X69.525Y13.4
G01 X69.521Y13.322
G01 X69.51Y13.244
G01 X69.491Y13.168
G01 X69.475Y13.124
G01 X69.475Y11.136
G01 X69.491Y11.092
G01 X69.51Y11.016
G01 X69.521Y10.938
G01 X69.525Y10.86
G01 X69.521Y10.782
G01 X69.51Y10.704
G01 X69.491Y10.628
G01 X69.475Y10.584
G01 X69.475Y8.596
G01 X69.491Y8.552
G01 X69.51Y8.476
G01 X69.521Y8.398
G01 X69.525Y8.32
G01 X69.521Y8.242
G01 X69.51Y8.164
G01 X69.491Y8.088
G01 X69.464Y8.014
G01 X69.431Y7.943
G01 X69.39Y7.876
G01 X69.343Y7.812
G01 X69.291Y7.754
G01 X69.233Y7.702
G01 X69.169Y7.655
G01 X69.102Y7.614
G01 X69.031Y7.581
G01 X68.957Y7.554
G01 X68.881Y7.535
G01 X68.803Y7.524
G01 X68.725Y7.52
G01 X68.647Y7.524
G01 X68.569Y7.535
G01 X68.493Y7.554
G01 X68.419Y7.581
G01 X68.348Y7.614
G01 X68.281Y7.655
G01 X68.217Y7.702
G01 X68.159Y7.754
G01 X68.107Y7.812
G01 X68.06Y7.876
G01 X68.019Y7.943
G01 X67.986Y8.014
G01 X67.959Y8.088
G01 X67.94Y8.164
G01 X67.929Y8.242
G01 X67.925Y8.32
G01 X67.929Y8.398
G01 X67.94Y8.476
G01 X67.959Y8.552
G01 X67.975Y8.596
G01 X67.975Y10.584
G01 X67.959Y10.628
G01 X67.94Y10.704
G01 X67.929Y10.782
G01 X67.925Y10.86
G01 X67.929Y10.938
G01 X67.94Y11.016
G01 X67.959Y11.092
G01 X67.975Y11.136
G01 X67.975Y13.124
G01 X67.959Y13.168
G01 X67.94Y13.244
G01 X67.929Y13.322
G01 X67.925Y13.4
G01 X67.929Y13.478
G01 X67.94Y13.556
G01 X67.959Y13.632
G01 X67.975Y13.676
G01 X67.975Y15.664
G01 X67.959Y15.708
G01 X67.94Y15.784
G01 X67.929Y15.862
G01 X67.925Y15.94
G01 X67.929Y16.018
G01 X67.94Y16.096
G01 X67.959Y16.172
G01 X67.975Y16.216
G01 X67.975Y18.204
G01 X67.959Y18.248
G01 X67.94Y18.324
G01 X67.929Y18.402
G01 X67.925Y18.48
G01 X67.929Y18.558
G01 X67.94Y18.636
G01 X67.959Y18.712
G01 X67.986Y18.786
G01 X68.019Y18.857
G01 X68.06Y18.924
G01 X68.107Y18.988
G01 X68.159Y19.046
G01 X68.217Y19.098
G01 X68.281Y19.145
G01 X68.348Y19.186
G01 X68.419Y19.219
G01 X68.493Y19.246
G01 X68.569Y19.265
G01 X68.647Y19.276
G01 X68.725Y19.28
G01 X68.803Y19.276
G01 X68.881Y19.265
G01 X68.957Y19.246
G01 X69.031Y19.219
G01 X69.102Y19.186
G01 X69.169Y19.145
G01 X69.233Y19.098
G01 X69.291Y19.046
G01 X69.343Y18.988
G01 X69.39Y18.924
G01 X69.431Y18.857
G01 X69.464Y18.786
G01 X69.491Y18.712
G01 X69.51Y18.636
G01 X69.521Y18.558
G01 X69.525Y18.48
G01 X69.521Y18.402
G01 X69.51Y18.324
G01 X69.491Y18.248
G01 X69.475Y18.204
G01 X69.475Y17.751
G01 X71.575Y19.851
G01 X71.575Y26.15
G01 X63.194Y26.15
G01 X63.12Y26.154
G01 X63.047Y26.164
G01 X62.976Y26.182
G01 X62.907Y26.207
G01 X62.84Y26.239
G01 X62.777Y26.276
G01 X62.718Y26.32
G01 X62.663Y26.37
G01 X55.295Y33.738
G01 X55.245Y33.793
G01 X55.201Y33.852
G01 X55.164Y33.915
G01 X55.132Y33.982
G01 X55.107Y34.051
G01 X55.089Y34.122
G01 X55.079Y34.195
G01 X55.075Y34.269
G01 X55.075Y43.289
G01 X49.194Y49.17
G01 X46.225Y49.17
G01 X46.15Y49.135
G01 X46.072Y49.107
G01 X45.991Y49.086
G01 X45.908Y49.074
G01 X45.825Y49.07
G01 X45.742Y49.074
G01 X45.659Y49.086
G01 X45.578Y49.107
G01 X45.5Y49.135
G01 X45.424Y49.17
G01 X45.353Y49.213
G01 X45.286Y49.263
G01 X45.224Y49.319
G01 X45.168Y49.381
G01 X45.139Y49.42
G01 X37.505Y49.42
G01 X37.456Y49.422
G01 X37.407Y49.43
G01 X37.36Y49.442
G01 X37.314Y49.458
G01 X37.269Y49.479
G01 X37.227Y49.504
G01 X37.21Y49.517
G01 X37.188Y49.533
G01 X37.169Y49.551
G01 X37.151Y49.566
G01 X37.151Y49.566
G01 X34.408Y52.31
G01 X28.842Y52.31
G01 X27.575Y51.043
G01 X27.575Y50.744
G01 X27.583Y50.738
G01 X27.641Y50.686
G01 X27.693Y50.628
G01 X27.74Y50.564
G01 X27.781Y50.497
G01 X27.814Y50.426
G01 X27.841Y50.352
G01 X27.86Y50.276
G01 X27.871Y50.198
G01 X27.875Y50.12
G01 X27.871Y50.042
G01 X27.86Y49.964
G01 X27.841Y49.888
G01 X27.814Y49.814
G01 X27.781Y49.743
G01 X27.74Y49.676
G01 X27.693Y49.612
G01 X27.641Y49.554
G01 X27.583Y49.502
G01 X27.519Y49.455
G01 X27.452Y49.414
G01 X27.381Y49.381
G01 X27.307Y49.354
G01 X27.231Y49.335
G01 X27.153Y49.324
G01 X27.075Y49.32
G01 X26.997Y49.324
G01 X26.987Y49.325
G01 X24.209Y46.546
G01 X24.172Y46.513
G01 X24.133Y46.484
G01 X24.091Y46.459
G01 X24.046Y46.438
G01 X24.0Y46.422
G01 X23.953Y46.41
G01 X23.904Y46.402
G01 X23.855Y46.4
G01 X22.628Y46.4
G01 X22.618Y46.383
G01 X22.564Y46.31
G01 X22.503Y46.242
G01 X22.435Y46.181
G01 X22.362Y46.127
G01 X22.283Y46.08
G01 X22.201Y46.041
G01 X22.115Y46.01
G01 X22.026Y45.988
G01 X21.936Y45.974
G01 X21.845Y45.97
G01 X21.754Y45.974
G01 X21.664Y45.988
G01 X21.575Y46.01
G01 X21.489Y46.041
G01 X21.407Y46.08
G01 X21.328Y46.127
G01 X21.297Y46.15
G01 X20.696Y46.15
G01 X16.765Y42.22
G01 X16.711Y42.17
G01 X16.652Y42.126
G01 X16.589Y42.089
G01 X16.522Y42.057
G01 X16.453Y42.032
G01 X16.381Y42.014
G01 X16.309Y42.004
G01 X16.235Y42.0
G01 X11.206Y42.0
G01 X14.255Y38.951
G01 X14.305Y38.896
G01 X14.349Y38.837
G01 X14.386Y38.774
G01 X14.418Y38.708
G01 X14.443Y38.638
G01 X14.461Y38.567
G01 X14.471Y38.494
G01 X14.475Y38.421
G01 X14.475Y35.15
G01 X33.125Y35.15
G01 X33.199Y35.146
G01 X33.271Y35.136
G01 X33.343Y35.118
G01 X33.412Y35.093
G01 X33.479Y35.061
G01 X33.542Y35.024
G01 X33.601Y34.98
G01 X33.627Y34.956
G01 X33.655Y34.93
G01 X37.555Y31.03
G01 X37.605Y30.976
G01 X37.649Y30.917
G01 X37.686Y30.854
G01 X37.718Y30.787
G01 X37.743Y30.718
G01 X37.761Y30.646
G01 X37.771Y30.574
G01 X37.775Y30.5
G01 X37.775Y18.931
G01 X38.105Y18.601
G01 X38.155Y18.546
G01 X38.185Y18.505
G01 X38.199Y18.487
G01 X38.199Y18.487
G01 X38.199Y18.487
G01 X38.236Y18.424
G01 X38.248Y18.399
G01 X38.268Y18.358
G01 X38.293Y18.288
G01 X38.311Y18.217
G01 X38.313Y18.201
G01 X38.321Y18.144
G01 X38.325Y18.076
G01 X38.325Y18.071
G01 X38.325Y18.071
G01 X38.325Y15.83
G01 X38.321Y15.756
G01 X38.311Y15.684
G01 X38.293Y15.612
G01 X38.268Y15.543
G01 X38.236Y15.476
G01 X38.199Y15.413
G01 X38.155Y15.354
G01 X38.105Y15.3
G01 X36.15Y13.345
G01 X36.131Y13.303
G01 X36.09Y13.236
G01 X36.043Y13.172
G01 X35.991Y13.114
G01 X35.933Y13.062
G01 X35.869Y13.015
G01 X35.802Y12.974
G01 X35.731Y12.941
G01 X35.657Y12.914
G01 X35.581Y12.895
G01 X35.503Y12.884
G01 X35.425Y12.88
G01 X35.347Y12.884
G01 X35.269Y12.895
G01 X35.193Y12.914
G01 X35.119Y12.941
G01 X35.048Y12.974
G01 X34.981Y13.015
G01 X34.917Y13.062
G01 X34.859Y13.114
G01 X34.807Y13.172
G01 X34.76Y13.236
G01 X34.719Y13.303
G01 X34.7Y13.345
G01 X34.134Y13.91
G01 X29.125Y13.91
G01 X29.05Y13.875
G01 X28.972Y13.847
G01 X28.891Y13.826
G01 X28.808Y13.814
G01 X28.725Y13.81
G01 X28.642Y13.814
G01 X28.559Y13.826
G01 X28.478Y13.847
G01 X28.4Y13.875
G01 X28.324Y13.91
G01 X28.253Y13.953
G01 X28.186Y14.003
G01 X28.124Y14.059
G01 X28.068Y14.121
G01 X28.018Y14.188
G01 X27.975Y14.259
G01 X27.94Y14.335
G01 X27.912Y14.413
G01 X27.891Y14.494
G01 X27.879Y14.577
G01 X27.875Y14.66
G01 X27.879Y14.743
G01 X27.891Y14.826
G01 X27.912Y14.907
G01 X27.94Y14.985
G01 X27.975Y15.061
G01 X28.018Y15.132
G01 X28.068Y15.199
G01 X28.124Y15.261
G01 X28.186Y15.317
G01 X28.253Y15.367
G01 X28.324Y15.41
G01 X28.4Y15.445
G01 X28.478Y15.473
G01 X28.559Y15.494
G01 X28.642Y15.506
G01 X28.725Y15.51
G01 X28.808Y15.506
G01 X28.891Y15.494
G01 X28.972Y15.473
G01 X29.05Y15.445
G01 X29.125Y15.41
G01 X34.445Y15.41
G01 X34.445Y15.41
G01 X34.457Y15.409
G01 X34.519Y15.406
G01 X34.591Y15.396
G01 X34.663Y15.378
G01 X34.711Y15.36
G01 X34.732Y15.353
G01 X34.799Y15.321
G01 X34.862Y15.284
G01 X34.881Y15.269
G01 X34.921Y15.24
G01 X34.962Y15.202
G01 X34.975Y15.19
G01 X35.425Y14.741
G01 X36.825Y16.141
G01 X36.825Y17.76
G01 X36.495Y18.09
G01 X36.445Y18.145
G01 X36.415Y18.186
G01 X36.401Y18.204
G01 X36.401Y18.204
G01 X36.401Y18.204
G01 X36.364Y18.267
G01 X36.352Y18.292
G01 X36.332Y18.334
G01 X36.307Y18.403
G01 X36.289Y18.474
G01 X36.287Y18.49
G01 X36.279Y18.547
G01 X36.275Y18.615
G01 X36.275Y18.621
G01 X36.275Y18.621
G01 X36.275Y30.189
G01 X32.814Y33.65
G01 X13.725Y33.65
G01 X13.651Y33.654
G01 X13.579Y33.664
G01 X13.507Y33.682
G01 X13.438Y33.707
G01 X13.371Y33.739
G01 X13.308Y33.776
G01 X13.249Y33.82
G01 X13.195Y33.87
G01 X13.145Y33.924
G01 X13.101Y33.983
G01 X13.064Y34.046
G01 X13.032Y34.113
G01 X13.007Y34.182
G01 X12.989Y34.254
G01 X12.979Y34.326
G01 X12.975Y34.4
G01 X12.975Y38.11
G01 X9.085Y42.0
G01 X6.886Y42.0
G01 X5.124Y40.238
G01 X5.136Y40.235
G01 X5.175Y40.217
G01 X5.211Y40.192
G01 X5.242Y40.161
G01 X5.267Y40.125
G01 X5.285Y40.086
G01 X5.296Y40.043
G01 X5.3Y40.0
G01 X5.3Y38.8
G01 X5.296Y38.757
G01 X5.285Y38.714
G01 X5.267Y38.675
G01 X5.242Y38.639
G01 X5.211Y38.608
G01 X5.175Y38.583
G01 X5.136Y38.565
G01 X5.093Y38.554
G01 X5.05Y38.55
G01 X3.6Y38.55
G01 X3.557Y38.554
G01 X3.514Y38.565
G01 X3.475Y38.583
G01 X3.439Y38.608
G01 X3.408Y38.639
G01 X3.383Y38.675
G01 X3.365Y38.714
G01 X3.354Y38.757
G01 X3.35Y38.8
G01 X3.35Y40.0
G01 X3.354Y40.043
G01 X3.365Y40.086
G01 X3.383Y40.125
G01 X3.408Y40.161
G01 X3.439Y40.192
G01 X3.475Y40.217
G01 X3.514Y40.235
G01 X3.557Y40.246
G01 X3.575Y40.248
G01 X3.575Y40.5
G01 X3.579Y40.574
G01 X3.589Y40.646
G01 X3.607Y40.718
G01 X3.632Y40.787
G01 X3.664Y40.854
G01 X3.701Y40.917
G01 X3.745Y40.976
G01 X3.795Y41.03
G01 X6.045Y43.28
G01 X6.099Y43.33
G01 X6.158Y43.374
G01 X6.221Y43.411
G01 X6.288Y43.443
G01 X6.357Y43.468
G01 X6.429Y43.486
G01 X6.501Y43.496
G01 X6.575Y43.5
G01 X9.396Y43.5
G01 X15.924Y43.5
G01 X19.855Y47.43
G01 X19.909Y47.48
G01 X19.968Y47.524
G01 X20.031Y47.561
G01 X20.098Y47.593
G01 X20.167Y47.618
G01 X20.239Y47.636
G01 X20.311Y47.646
G01 X20.385Y47.65
G01 X21.297Y47.65
G01 X21.328Y47.673
G01 X21.407Y47.72
G01 X21.489Y47.759
G01 X21.575Y47.79
G01 X21.664Y47.812
G01 X21.754Y47.826
G01 X21.845Y47.83
G01 X21.936Y47.826
G01 X22.026Y47.812
G01 X22.115Y47.79
G01 X22.201Y47.759
G01 X22.283Y47.72
G01 X22.362Y47.673
G01 X22.435Y47.619
G01 X22.503Y47.558
G01 X22.564Y47.49
G01 X22.618Y47.417
G01 X22.628Y47.4
G01 X23.648Y47.4
G01 X26.28Y50.032
G01 X26.279Y50.042
G01 X26.275Y50.12
G01 X26.279Y50.198
G01 X26.29Y50.276
G01 X26.309Y50.352
G01 X26.336Y50.426
G01 X26.369Y50.497
G01 X26.41Y50.564
G01 X26.457Y50.628
G01 X26.509Y50.686
G01 X26.567Y50.738
G01 X26.575Y50.744
G01 X26.575Y51.25
G01 X26.577Y51.299
G01 X26.585Y51.348
G01 X26.597Y51.395
G01 X26.613Y51.441
G01 X26.633Y51.483
G01 X26.634Y51.486
G01 X26.634Y51.486
G01 X26.638Y51.493
G01 X26.659Y51.528
G01 X26.688Y51.567
G01 X26.721Y51.604
G01 X28.281Y53.164
G01 X28.318Y53.197
G01 X28.357Y53.226
G01 X28.399Y53.251
G01 X28.435Y53.268
G01 X28.444Y53.272
G01 X28.49Y53.288
G01 X28.537Y53.3
G01 X28.586Y53.308
G01 X28.635Y53.31
G01 X28.635Y53.31
G01 X34.615Y53.31
G01 X34.664Y53.308
G01 X34.713Y53.3
G01 X34.76Y53.288
G01 X34.806Y53.272
G01 X34.851Y53.251
G01 X34.893Y53.226
G01 X34.932Y53.197
G01 X34.969Y53.164
G01 X34.969Y53.164
G01 X37.712Y50.42
G01 X45.139Y50.42
G01 X45.168Y50.459
G01 X45.224Y50.521
G01 X45.286Y50.577
G01 X45.353Y50.627
G01 X45.424Y50.67
G01 X45.5Y50.705
G01 X45.578Y50.733
G01 X45.659Y50.754
G01 X45.742Y50.766
G01 X45.825Y50.77
G01 X45.908Y50.766
G01 X45.991Y50.754
G01 X46.072Y50.733
G01 X46.15Y50.705
G01 X46.225Y50.67
G01 X49.505Y50.67
G01 X49.579Y50.666
G01 X49.651Y50.656
G01 X49.723Y50.638
G01 X49.792Y50.613
G01 X49.859Y50.581
G01 X49.922Y50.544
G01 X49.981Y50.5
G01 X50.035Y50.45
G01 X56.355Y44.13
G01 X56.405Y44.076
G01 X56.449Y44.017
G01 X56.486Y43.954
G01 X56.518Y43.887
G01 X56.543Y43.818
G01 X56.561Y43.746
G01 X56.571Y43.674
G01 X56.575Y43.6
G01 X56.575Y34.579
G01 X63.504Y27.65
G01 X71.575Y27.65
G01 X71.575Y30.589
G01 X69.475Y32.689
G01 X69.475Y32.276
G01 X69.491Y32.232
G01 X69.51Y32.156
G01 X69.521Y32.078
G01 X69.525Y32.0
G01 X69.521Y31.922
G01 X69.51Y31.844
G01 X69.491Y31.768
G01 X69.464Y31.694
G01 X69.431Y31.623
G01 X69.39Y31.556
G01 X69.343Y31.492
G01 X69.291Y31.434
G01 X69.233Y31.382
G01 X69.169Y31.335
G01 X69.102Y31.294
G01 X69.031Y31.261
G01 X68.957Y31.234
G01 X68.881Y31.215
G01 X68.803Y31.204
G01 X68.725Y31.2
G01 X68.647Y31.204
G01 X68.569Y31.215
G01 X68.493Y31.234
G01 X68.419Y31.261
G01 X68.348Y31.294
G01 X68.281Y31.335
G01 X68.217Y31.382
G01 X68.159Y31.434
G01 X68.107Y31.492
G01 X68.06Y31.556
G01 X68.019Y31.623
G01 X67.986Y31.694
G01 X67.959Y31.768
G01 X67.94Y31.844
G01 X67.929Y31.922
G01 X67.925Y32.0
G01 X67.929Y32.078
G01 X67.94Y32.156
G01 X67.959Y32.232
G01 X67.975Y32.276
G01 X67.975Y34.264
G01 X67.959Y34.308
G01 X67.94Y34.384
G01 X67.929Y34.462
G01 X67.925Y34.54
G01 X67.929Y34.618
G01 X67.94Y34.696
G01 X67.959Y34.772
G01 X67.975Y34.816
G01 X67.975Y36.804
G01 X67.959Y36.848
G01 X67.94Y36.924
G01 X67.929Y37.002
G01 X67.925Y37.08
G01 X67.929Y37.158
G01 X67.94Y37.236
G01 X67.959Y37.312
G01 X67.975Y37.356
G01 X67.975Y39.344
G01 X67.959Y39.388
G01 X67.94Y39.464
G01 X67.929Y39.542
G01 X67.925Y39.62
G01 X67.929Y39.698
G01 X67.94Y39.776
G01 X67.959Y39.852
G01 X67.975Y39.896
G01 X67.975Y41.884
G01 X67.959Y41.928
G01 X67.94Y42.004
G01 X67.929Y42.082
G01 X67.925Y42.16
G01 X67.929Y42.238
G01 X67.94Y42.316
G01 X67.959Y42.392
G01 X67.986Y42.466
G01 X68.019Y42.537
G01 X68.06Y42.604
G01 X68.107Y42.668
G01 X68.159Y42.726
G01 X68.217Y42.778
G01 X68.281Y42.825
G01 X68.348Y42.866
G01 X68.419Y42.899
G01 X68.493Y42.926
G01 X68.569Y42.945
G01 X68.647Y42.956
G01 X68.725Y42.96
G01 X68.803Y42.956
G01 X68.881Y42.945
G01 X68.957Y42.926
G01 X69.031Y42.899
G01 X69.031Y42.899
M5
G01 X45.168Y52.999
M3
G01 X45.224Y53.061
G01 X45.286Y53.117
G01 X45.353Y53.167
G01 X45.424Y53.21
G01 X45.5Y53.245
G01 X45.578Y53.273
G01 X45.659Y53.294
G01 X45.742Y53.306
G01 X45.825Y53.31
G01 X45.908Y53.306
G01 X45.991Y53.294
G01 X46.072Y53.273
G01 X46.15Y53.245
G01 X46.226Y53.21
G01 X46.297Y53.167
G01 X46.364Y53.117
G01 X46.426Y53.061
G01 X46.482Y52.999
G01 X46.532Y52.932
G01 X46.575Y52.861
G01 X46.61Y52.785
G01 X46.638Y52.707
G01 X46.659Y52.626
G01 X46.671Y52.543
G01 X46.675Y52.46
G01 X46.671Y52.377
G01 X46.659Y52.294
G01 X46.638Y52.213
G01 X46.61Y52.135
G01 X46.575Y52.059
G01 X46.532Y51.988
G01 X46.482Y51.921
G01 X46.426Y51.859
G01 X46.364Y51.803
G01 X46.297Y51.753
G01 X46.226Y51.71
G01 X46.15Y51.675
G01 X46.072Y51.647
G01 X45.991Y51.626
G01 X45.908Y51.614
G01 X45.825Y51.61
G01 X45.742Y51.614
G01 X45.659Y51.626
G01 X45.578Y51.647
G01 X45.5Y51.675
G01 X45.424Y51.71
G01 X45.353Y51.753
G01 X45.286Y51.803
G01 X45.224Y51.859
G01 X45.168Y51.921
G01 X45.118Y51.988
G01 X45.075Y52.059
G01 X45.04Y52.135
G01 X45.012Y52.213
G01 X44.991Y52.294
G01 X44.979Y52.377
G01 X44.975Y52.46
G01 X44.979Y52.543
G01 X44.991Y52.626
G01 X45.012Y52.707
G01 X45.04Y52.785
G01 X45.075Y52.861
G01 X45.118Y52.932
G01 X45.168Y52.999
G01 X45.168Y52.999
M5
G01 X3.25Y28.277
M3
G01 X3.289Y28.295
G01 X3.332Y28.306
G01 X3.375Y28.31
G01 X4.268Y28.31
G01 X6.211Y30.254
G01 X6.248Y30.287
G01 X6.287Y30.316
G01 X6.329Y30.341
G01 X6.374Y30.362
G01 X6.42Y30.378
G01 X6.467Y30.39
G01 X6.516Y30.398
G01 X6.565Y30.4
G01 X27.875Y30.4
G01 X27.875Y30.75
G01 X29.575Y30.75
G01 X29.575Y29.05
G01 X27.875Y29.05
G01 X27.875Y29.4
G01 X6.772Y29.4
G01 X5.125Y27.753
G01 X5.125Y26.86
G01 X5.121Y26.817
G01 X5.11Y26.774
G01 X5.092Y26.735
G01 X5.067Y26.699
G01 X5.036Y26.668
G01 X5.0Y26.643
G01 X4.961Y26.625
G01 X4.918Y26.614
G01 X4.875Y26.61
G01 X3.375Y26.61
G01 X3.332Y26.614
G01 X3.289Y26.625
G01 X3.25Y26.643
G01 X3.214Y26.668
G01 X3.183Y26.699
G01 X3.158Y26.735
G01 X3.14Y26.774
G01 X3.129Y26.817
G01 X3.125Y26.86
G01 X3.125Y28.06
G01 X3.129Y28.103
G01 X3.14Y28.146
G01 X3.158Y28.185
G01 X3.183Y28.221
G01 X3.214Y28.252
G01 X3.25Y28.277
G01 X3.25Y28.277
M5
G01 X3.268Y25.432
M3
G01 X3.318Y25.499
G01 X3.374Y25.561
G01 X3.436Y25.617
G01 X3.503Y25.667
G01 X3.574Y25.71
G01 X3.65Y25.745
G01 X3.728Y25.773
G01 X3.809Y25.794
G01 X3.892Y25.806
G01 X4.275Y25.81
G01 X4.358Y25.806
G01 X4.441Y25.794
G01 X4.522Y25.773
G01 X4.6Y25.745
G01 X4.676Y25.71
G01 X4.747Y25.667
G01 X4.814Y25.617
G01 X4.876Y25.561
G01 X4.932Y25.499
G01 X4.961Y25.46
G01 X8.018Y25.46
G01 X10.271Y27.714
G01 X10.308Y27.747
G01 X10.347Y27.776
G01 X10.389Y27.801
G01 X10.434Y27.822
G01 X10.48Y27.838
G01 X10.527Y27.85
G01 X10.576Y27.858
G01 X10.625Y27.86
G01 X28.039Y27.86
G01 X28.068Y27.899
G01 X28.124Y27.961
G01 X28.186Y28.017
G01 X28.253Y28.067
G01 X28.324Y28.11
G01 X28.4Y28.145
G01 X28.478Y28.173
G01 X28.559Y28.194
G01 X28.642Y28.206
G01 X28.725Y28.21
G01 X28.808Y28.206
G01 X28.891Y28.194
G01 X28.972Y28.173
G01 X29.05Y28.145
G01 X29.126Y28.11
G01 X29.197Y28.067
G01 X29.264Y28.017
G01 X29.326Y27.961
G01 X29.382Y27.899
G01 X29.432Y27.832
G01 X29.475Y27.761
G01 X29.51Y27.685
G01 X29.538Y27.607
G01 X29.559Y27.526
G01 X29.571Y27.443
G01 X29.575Y27.36
G01 X29.571Y27.277
G01 X29.559Y27.194
G01 X29.538Y27.113
G01 X29.51Y27.035
G01 X29.475Y26.959
G01 X29.432Y26.888
G01 X29.382Y26.821
G01 X29.326Y26.759
G01 X29.264Y26.703
G01 X29.197Y26.653
G01 X29.126Y26.61
G01 X29.05Y26.575
G01 X28.972Y26.547
G01 X28.891Y26.526
G01 X28.808Y26.514
G01 X28.725Y26.51
G01 X28.642Y26.514
G01 X28.559Y26.526
G01 X28.478Y26.547
G01 X28.4Y26.575
G01 X28.324Y26.61
G01 X28.253Y26.653
G01 X28.186Y26.703
G01 X28.124Y26.759
G01 X28.068Y26.821
G01 X28.039Y26.86
G01 X10.832Y26.86
G01 X8.579Y24.606
G01 X8.542Y24.573
G01 X8.503Y24.544
G01 X8.461Y24.519
G01 X8.416Y24.498
G01 X8.37Y24.482
G01 X8.323Y24.47
G01 X8.274Y24.462
G01 X8.225Y24.46
G01 X4.961Y24.46
G01 X4.932Y24.421
G01 X4.876Y24.359
G01 X4.814Y24.303
G01 X4.747Y24.253
G01 X4.676Y24.21
G01 X4.6Y24.175
G01 X4.522Y24.147
G01 X4.441Y24.126
G01 X4.358Y24.114
G01 X3.975Y24.11
G01 X3.892Y24.114
G01 X3.809Y24.126
G01 X3.728Y24.147
G01 X3.65Y24.175
G01 X3.574Y24.21
G01 X3.503Y24.253
G01 X3.436Y24.303
G01 X3.374Y24.359
G01 X3.318Y24.421
G01 X3.268Y24.488
G01 X3.225Y24.559
G01 X3.19Y24.635
G01 X3.162Y24.713
G01 X3.141Y24.794
G01 X3.129Y24.877
G01 X3.125Y24.96
G01 X3.129Y25.043
G01 X3.141Y25.126
G01 X3.162Y25.207
G01 X3.19Y25.285
G01 X3.225Y25.361
G01 X3.268Y25.432
G01 X3.268Y25.432
M5
G01 X28.068Y25.359
M3
G01 X28.124Y25.421
G01 X28.186Y25.477
G01 X28.253Y25.527
G01 X28.324Y25.57
G01 X28.4Y25.605
G01 X28.478Y25.633
G01 X28.559Y25.654
G01 X28.642Y25.666
G01 X28.725Y25.67
G01 X28.808Y25.666
G01 X28.891Y25.654
G01 X28.972Y25.633
G01 X29.05Y25.605
G01 X29.126Y25.57
G01 X29.197Y25.527
G01 X29.264Y25.477
G01 X29.326Y25.421
G01 X29.382Y25.359
G01 X29.432Y25.292
G01 X29.475Y25.221
G01 X29.51Y25.145
G01 X29.538Y25.067
G01 X29.559Y24.986
G01 X29.571Y24.903
G01 X29.575Y24.82
G01 X29.571Y24.737
G01 X29.559Y24.654
G01 X29.538Y24.573
G01 X29.51Y24.495
G01 X29.475Y24.419
G01 X29.432Y24.348
G01 X29.382Y24.281
G01 X29.326Y24.219
G01 X29.264Y24.163
G01 X29.197Y24.113
G01 X29.126Y24.07
G01 X29.05Y24.035
G01 X28.972Y24.007
G01 X28.891Y23.986
G01 X28.808Y23.974
G01 X28.725Y23.97
G01 X28.642Y23.974
G01 X28.559Y23.986
G01 X28.478Y24.007
G01 X28.4Y24.035
G01 X28.324Y24.07
G01 X28.253Y24.113
G01 X28.186Y24.163
G01 X28.124Y24.219
G01 X28.068Y24.281
G01 X28.039Y24.32
G01 X18.292Y24.32
G01 X11.479Y17.506
G01 X11.442Y17.473
G01 X11.403Y17.444
G01 X11.361Y17.419
G01 X11.316Y17.398
G01 X11.27Y17.382
G01 X11.223Y17.37
G01 X11.174Y17.362
G01 X11.125Y17.36
G01 X5.125Y17.36
G01 X5.125Y17.26
G01 X5.121Y17.217
G01 X5.11Y17.174
G01 X5.092Y17.135
G01 X5.067Y17.099
G01 X5.036Y17.068
G01 X5.0Y17.043
G01 X4.961Y17.025
G01 X4.918Y17.014
G01 X4.875Y17.01
G01 X3.375Y17.01
G01 X3.332Y17.014
G01 X3.289Y17.025
G01 X3.25Y17.043
G01 X3.214Y17.068
G01 X3.183Y17.099
G01 X3.158Y17.135
G01 X3.14Y17.174
G01 X3.129Y17.217
G01 X3.125Y17.26
G01 X3.125Y18.46
G01 X3.129Y18.503
G01 X3.14Y18.546
G01 X3.158Y18.585
G01 X3.183Y18.621
G01 X3.214Y18.652
G01 X3.25Y18.677
G01 X3.289Y18.695
G01 X3.332Y18.706
G01 X3.375Y18.71
G01 X4.875Y18.71
G01 X4.918Y18.706
G01 X4.961Y18.695
G01 X5.0Y18.677
G01 X5.036Y18.652
G01 X5.067Y18.621
G01 X5.092Y18.585
G01 X5.11Y18.546
G01 X5.121Y18.503
G01 X5.125Y18.46
G01 X5.125Y18.36
G01 X10.918Y18.36
G01 X17.731Y25.174
G01 X17.768Y25.207
G01 X17.807Y25.236
G01 X17.849Y25.261
G01 X17.894Y25.282
G01 X17.94Y25.298
G01 X17.987Y25.31
G01 X18.036Y25.318
G01 X18.085Y25.32
G01 X28.039Y25.32
G01 X28.068Y25.359
G01 X28.068Y25.359
M5
G01 X28.4Y23.065
M3
G01 X28.478Y23.093
G01 X28.559Y23.114
G01 X28.642Y23.126
G01 X28.725Y23.13
G01 X28.808Y23.126
G01 X28.891Y23.114
G01 X28.972Y23.093
G01 X29.05Y23.065
G01 X29.126Y23.03
G01 X29.197Y22.987
G01 X29.264Y22.937
G01 X29.326Y22.881
G01 X29.382Y22.819
G01 X29.432Y22.752
G01 X29.475Y22.681
G01 X29.51Y22.605
G01 X29.538Y22.527
G01 X29.559Y22.446
G01 X29.571Y22.363
G01 X29.575Y22.28
G01 X29.571Y22.197
G01 X29.559Y22.114
G01 X29.538Y22.033
G01 X29.51Y21.955
G01 X29.475Y21.879
G01 X29.432Y21.808
G01 X29.382Y21.741
G01 X29.326Y21.679
G01 X29.264Y21.623
G01 X29.197Y21.573
G01 X29.126Y21.53
G01 X29.05Y21.495
G01 X28.972Y21.467
G01 X28.891Y21.446
G01 X28.808Y21.434
G01 X28.725Y21.43
G01 X28.642Y21.434
G01 X28.559Y21.446
G01 X28.478Y21.467
G01 X28.4Y21.495
G01 X28.324Y21.53
G01 X28.253Y21.573
G01 X28.186Y21.623
G01 X28.124Y21.679
G01 X28.068Y21.741
G01 X28.039Y21.78
G01 X20.452Y21.78
G01 X13.679Y15.006
G01 X13.659Y14.989
G01 X13.642Y14.973
G01 X13.603Y14.944
G01 X13.561Y14.919
G01 X13.516Y14.898
G01 X13.47Y14.882
G01 X13.423Y14.87
G01 X13.374Y14.862
G01 X13.325Y14.86
G01 X4.961Y14.86
G01 X4.932Y14.821
G01 X4.876Y14.759
G01 X4.814Y14.703
G01 X4.747Y14.653
G01 X4.676Y14.61
G01 X4.6Y14.575
G01 X4.522Y14.547
G01 X4.441Y14.526
G01 X4.358Y14.514
G01 X3.975Y14.51
G01 X3.892Y14.514
G01 X3.809Y14.526
G01 X3.728Y14.547
G01 X3.65Y14.575
G01 X3.574Y14.61
G01 X3.503Y14.653
G01 X3.436Y14.703
G01 X3.374Y14.759
G01 X3.318Y14.821
G01 X3.268Y14.888
G01 X3.225Y14.959
G01 X3.19Y15.035
G01 X3.162Y15.113
G01 X3.141Y15.194
G01 X3.129Y15.277
G01 X3.125Y15.36
G01 X3.129Y15.443
G01 X3.141Y15.526
G01 X3.162Y15.607
G01 X3.19Y15.685
G01 X3.225Y15.761
G01 X3.268Y15.832
G01 X3.318Y15.899
G01 X3.374Y15.961
G01 X3.436Y16.017
G01 X3.503Y16.067
G01 X3.574Y16.11
G01 X3.65Y16.145
G01 X3.728Y16.173
G01 X3.809Y16.194
G01 X3.892Y16.206
G01 X4.275Y16.21
G01 X4.358Y16.206
G01 X4.441Y16.194
G01 X4.522Y16.173
G01 X4.6Y16.145
G01 X4.676Y16.11
G01 X4.747Y16.067
G01 X4.814Y16.017
G01 X4.876Y15.961
G01 X4.932Y15.899
G01 X4.961Y15.86
G01 X13.118Y15.86
G01 X19.891Y22.634
G01 X19.928Y22.667
G01 X19.967Y22.696
G01 X20.009Y22.721
G01 X20.054Y22.742
G01 X20.1Y22.758
G01 X20.147Y22.77
G01 X20.196Y22.778
G01 X20.245Y22.78
G01 X28.039Y22.78
G01 X28.068Y22.819
G01 X28.124Y22.881
G01 X28.186Y22.937
G01 X28.253Y22.987
G01 X28.324Y23.03
G01 X28.4Y23.065
G01 X28.4Y23.065
M5
G01 X27.879Y19.823
M3
G01 X27.891Y19.906
G01 X27.912Y19.987
G01 X27.94Y20.065
G01 X27.975Y20.141
G01 X28.018Y20.212
G01 X28.068Y20.279
G01 X28.124Y20.341
G01 X28.186Y20.397
G01 X28.253Y20.447
G01 X28.324Y20.49
G01 X28.4Y20.525
G01 X28.478Y20.553
G01 X28.559Y20.574
G01 X28.642Y20.586
G01 X28.725Y20.59
G01 X28.808Y20.586
G01 X28.891Y20.574
G01 X28.972Y20.553
G01 X29.05Y20.525
G01 X29.126Y20.49
G01 X29.197Y20.447
G01 X29.264Y20.397
G01 X29.326Y20.341
G01 X29.382Y20.279
G01 X29.432Y20.212
G01 X29.475Y20.141
G01 X29.51Y20.065
G01 X29.538Y19.987
G01 X29.559Y19.906
G01 X29.571Y19.823
G01 X29.575Y19.74
G01 X29.571Y19.657
G01 X29.559Y19.574
G01 X29.538Y19.493
G01 X29.51Y19.415
G01 X29.475Y19.339
G01 X29.432Y19.268
G01 X29.382Y19.201
G01 X29.326Y19.139
G01 X29.264Y19.083
G01 X29.197Y19.033
G01 X29.126Y18.99
G01 X29.05Y18.955
G01 X28.972Y18.927
G01 X28.891Y18.906
G01 X28.808Y18.894
G01 X28.725Y18.89
G01 X28.642Y18.894
G01 X28.559Y18.906
G01 X28.478Y18.927
G01 X28.4Y18.955
G01 X28.324Y18.99
G01 X28.253Y19.033
G01 X28.186Y19.083
G01 X28.124Y19.139
G01 X28.068Y19.201
G01 X28.018Y19.268
G01 X27.975Y19.339
G01 X27.94Y19.415
G01 X27.912Y19.493
G01 X27.891Y19.574
G01 X27.879Y19.657
G01 X27.875Y19.74
G01 X27.879Y19.823
G01 X27.879Y19.823
M5
G01 X27.891Y11.954
M3
G01 X27.879Y12.037
G01 X27.875Y12.12
G01 X27.879Y12.203
G01 X27.891Y12.286
G01 X27.912Y12.367
G01 X27.94Y12.445
G01 X27.975Y12.521
G01 X28.018Y12.592
G01 X28.068Y12.659
G01 X28.124Y12.721
G01 X28.186Y12.777
G01 X28.253Y12.827
G01 X28.324Y12.87
G01 X28.4Y12.905
G01 X28.478Y12.933
G01 X28.559Y12.954
G01 X28.642Y12.966
G01 X28.725Y12.97
G01 X28.808Y12.966
G01 X28.891Y12.954
G01 X28.972Y12.933
G01 X29.05Y12.905
G01 X29.126Y12.87
G01 X29.197Y12.827
G01 X29.264Y12.777
G01 X29.326Y12.721
G01 X29.382Y12.659
G01 X29.432Y12.592
G01 X29.475Y12.521
G01 X29.51Y12.445
G01 X29.538Y12.367
G01 X29.559Y12.286
G01 X29.571Y12.203
G01 X29.575Y12.12
G01 X29.571Y12.037
G01 X29.559Y11.954
G01 X29.538Y11.873
G01 X29.51Y11.795
G01 X29.475Y11.719
G01 X29.432Y11.648
G01 X29.382Y11.581
G01 X29.326Y11.519
G01 X29.264Y11.463
G01 X29.197Y11.413
G01 X29.126Y11.37
G01 X29.05Y11.335
G01 X28.972Y11.307
G01 X28.891Y11.286
G01 X28.808Y11.274
G01 X28.725Y11.27
G01 X28.642Y11.274
G01 X28.559Y11.286
G01 X28.478Y11.307
G01 X28.4Y11.335
G01 X28.324Y11.37
G01 X28.253Y11.413
G01 X28.186Y11.463
G01 X28.124Y11.519
G01 X28.068Y11.581
G01 X28.018Y11.648
G01 X27.975Y11.719
G01 X27.94Y11.795
G01 X27.912Y11.873
G01 X27.891Y11.954
G01 X27.891Y11.954
M5
G01 X86.139Y10.193
M3
G01 X86.108Y10.224
G01 X86.101Y10.235
G01 X81.924Y10.235
G01 X81.869Y10.195
G01 X81.802Y10.154
G01 X81.731Y10.121
G01 X81.657Y10.094
G01 X81.581Y10.075
G01 X81.503Y10.064
G01 X81.425Y10.06
G01 X81.347Y10.064
G01 X81.269Y10.075
G01 X81.193Y10.094
G01 X81.119Y10.121
G01 X81.048Y10.154
G01 X80.981Y10.195
G01 X80.917Y10.242
G01 X80.859Y10.294
G01 X80.807Y10.352
G01 X80.76Y10.416
G01 X80.719Y10.483
G01 X80.686Y10.554
G01 X80.659Y10.628
G01 X80.64Y10.704
G01 X80.629Y10.782
G01 X80.625Y10.86
G01 X80.629Y10.938
G01 X80.64Y11.016
G01 X80.659Y11.092
G01 X80.686Y11.166
G01 X80.719Y11.237
G01 X80.76Y11.304
G01 X80.807Y11.368
G01 X80.859Y11.426
G01 X80.917Y11.478
G01 X80.981Y11.525
G01 X81.048Y11.566
G01 X81.119Y11.599
G01 X81.122Y11.6
G01 X81.122Y11.6
G01 X81.133Y11.609
G01 X81.196Y11.646
G01 X81.263Y11.678
G01 X81.332Y11.703
G01 X81.404Y11.721
G01 X81.476Y11.731
G01 X81.55Y11.735
G01 X86.101Y11.735
G01 X86.108Y11.746
G01 X86.139Y11.777
G01 X86.175Y11.802
G01 X86.214Y11.82
G01 X86.257Y11.831
G01 X86.3Y11.835
G01 X87.75Y11.835
G01 X87.793Y11.831
G01 X87.836Y11.82
G01 X87.875Y11.802
G01 X87.911Y11.777
G01 X87.942Y11.746
G01 X87.967Y11.71
G01 X87.985Y11.671
G01 X87.996Y11.628
G01 X88.0Y11.585
G01 X88.0Y10.385
G01 X87.996Y10.342
G01 X87.985Y10.299
G01 X87.967Y10.26
G01 X87.942Y10.224
G01 X87.911Y10.193
G01 X87.875Y10.168
G01 X87.836Y10.15
G01 X87.793Y10.139
G01 X87.75Y10.135
G01 X86.3Y10.135
G01 X86.257Y10.139
G01 X86.214Y10.15
G01 X86.175Y10.168
G01 X86.139Y10.193
G01 X86.139Y10.193
M5
G01 X81.657Y12.634
M3
G01 X81.581Y12.615
G01 X81.503Y12.604
G01 X81.425Y12.6
G01 X81.347Y12.604
G01 X81.269Y12.615
G01 X81.193Y12.634
G01 X81.119Y12.661
G01 X81.048Y12.694
G01 X80.981Y12.735
G01 X80.917Y12.782
G01 X80.859Y12.834
G01 X80.807Y12.892
G01 X80.76Y12.956
G01 X80.719Y13.023
G01 X80.686Y13.094
G01 X80.659Y13.168
G01 X80.64Y13.244
G01 X80.629Y13.322
G01 X80.625Y13.4
G01 X80.629Y13.478
G01 X80.64Y13.556
G01 X80.659Y13.632
G01 X80.686Y13.706
G01 X80.719Y13.777
G01 X80.76Y13.844
G01 X80.807Y13.908
G01 X80.859Y13.966
G01 X80.917Y14.018
G01 X80.981Y14.065
G01 X81.048Y14.106
G01 X81.119Y14.139
G01 X81.193Y14.166
G01 X81.201Y14.168
G01 X81.223Y14.178
G01 X81.223Y14.178
G01 X81.223Y14.178
G01 X81.259Y14.191
G01 X81.292Y14.203
G01 X81.292Y14.203
G01 X81.292Y14.203
G01 X81.321Y14.21
G01 X81.364Y14.221
G01 X81.364Y14.221
G01 X81.364Y14.221
G01 X81.406Y14.227
G01 X81.436Y14.231
G01 X81.436Y14.231
G01 X81.436Y14.231
G01 X81.481Y14.234
G01 X81.51Y14.235
G01 X81.51Y14.235
G01 X81.51Y14.235
G01 X86.5Y14.235
G01 X86.575Y14.27
G01 X86.653Y14.298
G01 X86.734Y14.319
G01 X86.817Y14.331
G01 X87.15Y14.335
G01 X87.233Y14.331
G01 X87.316Y14.319
G01 X87.397Y14.298
G01 X87.475Y14.27
G01 X87.551Y14.235
G01 X87.622Y14.192
G01 X87.689Y14.142
G01 X87.751Y14.086
G01 X87.807Y14.024
G01 X87.857Y13.957
G01 X87.9Y13.886
G01 X87.935Y13.81
G01 X87.963Y13.732
G01 X87.984Y13.651
G01 X87.996Y13.568
G01 X88.0Y13.485
G01 X87.996Y13.402
G01 X87.984Y13.319
G01 X87.963Y13.238
G01 X87.935Y13.16
G01 X87.9Y13.084
G01 X87.857Y13.013
G01 X87.807Y12.946
G01 X87.751Y12.884
G01 X87.689Y12.828
G01 X87.622Y12.778
G01 X87.551Y12.735
G01 X87.475Y12.7
G01 X87.397Y12.672
G01 X87.316Y12.651
G01 X87.233Y12.639
G01 X86.9Y12.635
G01 X86.817Y12.639
G01 X86.734Y12.651
G01 X86.653Y12.672
G01 X86.575Y12.7
G01 X86.5Y12.735
G01 X81.87Y12.735
G01 X81.869Y12.735
G01 X81.802Y12.694
G01 X81.731Y12.661
G01 X81.657Y12.634
G01 X81.657Y12.634
M5
G01 X81.657Y15.174
M3
G01 X81.581Y15.155
G01 X81.503Y15.144
G01 X81.425Y15.14
G01 X81.347Y15.144
G01 X81.269Y15.155
G01 X81.193Y15.174
G01 X81.119Y15.201
G01 X81.048Y15.234
G01 X80.981Y15.275
G01 X80.917Y15.322
G01 X80.859Y15.374
G01 X80.807Y15.432
G01 X80.76Y15.496
G01 X80.719Y15.563
G01 X80.686Y15.634
G01 X80.659Y15.708
G01 X80.64Y15.784
G01 X80.629Y15.862
G01 X80.625Y15.94
G01 X80.629Y16.018
G01 X80.64Y16.096
G01 X80.659Y16.172
G01 X80.686Y16.246
G01 X80.719Y16.317
G01 X80.76Y16.384
G01 X80.807Y16.448
G01 X80.859Y16.506
G01 X80.917Y16.558
G01 X80.981Y16.605
G01 X81.048Y16.646
G01 X81.119Y16.679
G01 X81.193Y16.706
G01 X81.269Y16.725
G01 X81.347Y16.736
G01 X81.425Y16.74
G01 X81.503Y16.736
G01 X81.511Y16.735
G01 X86.5Y16.735
G01 X86.575Y16.77
G01 X86.653Y16.798
G01 X86.734Y16.819
G01 X86.817Y16.831
G01 X87.15Y16.835
G01 X87.233Y16.831
G01 X87.316Y16.819
G01 X87.397Y16.798
G01 X87.475Y16.77
G01 X87.551Y16.735
G01 X87.622Y16.692
G01 X87.689Y16.642
G01 X87.751Y16.586
G01 X87.807Y16.524
G01 X87.857Y16.457
G01 X87.9Y16.386
G01 X87.935Y16.31
G01 X87.963Y16.232
G01 X87.984Y16.151
G01 X87.996Y16.068
G01 X88.0Y15.985
G01 X87.996Y15.902
G01 X87.984Y15.819
G01 X87.963Y15.738
G01 X87.935Y15.66
G01 X87.9Y15.584
G01 X87.857Y15.513
G01 X87.807Y15.446
G01 X87.751Y15.384
G01 X87.689Y15.328
G01 X87.622Y15.278
G01 X87.551Y15.235
G01 X87.475Y15.2
G01 X87.397Y15.172
G01 X87.316Y15.151
G01 X87.233Y15.139
G01 X86.9Y15.135
G01 X86.817Y15.139
G01 X86.734Y15.151
G01 X86.653Y15.172
G01 X86.575Y15.2
G01 X86.5Y15.235
G01 X81.803Y15.235
G01 X81.802Y15.234
G01 X81.731Y15.201
G01 X81.657Y15.174
G01 X81.657Y15.174
M5
G01 X81.581Y17.695
M3
G01 X81.503Y17.684
G01 X81.425Y17.68
G01 X81.347Y17.684
G01 X81.269Y17.695
G01 X81.193Y17.714
G01 X81.119Y17.741
G01 X81.048Y17.774
G01 X80.981Y17.815
G01 X80.917Y17.862
G01 X80.859Y17.914
G01 X80.807Y17.972
G01 X80.76Y18.036
G01 X80.719Y18.103
G01 X80.686Y18.174
G01 X80.659Y18.248
G01 X80.64Y18.324
G01 X80.629Y18.402
G01 X80.625Y18.48
G01 X80.629Y18.558
G01 X80.64Y18.636
G01 X80.659Y18.712
G01 X80.686Y18.786
G01 X80.719Y18.857
G01 X80.76Y18.924
G01 X80.807Y18.988
G01 X80.859Y19.046
G01 X80.917Y19.098
G01 X80.981Y19.145
G01 X81.048Y19.186
G01 X81.119Y19.219
G01 X81.193Y19.246
G01 X81.269Y19.265
G01 X81.347Y19.276
G01 X81.425Y19.28
G01 X81.503Y19.276
G01 X81.581Y19.265
G01 X81.657Y19.246
G01 X81.701Y19.23
G01 X86.492Y19.23
G01 X86.499Y19.235
G01 X86.575Y19.27
G01 X86.653Y19.298
G01 X86.734Y19.319
G01 X86.817Y19.331
G01 X87.15Y19.335
G01 X87.233Y19.331
G01 X87.316Y19.319
G01 X87.397Y19.298
G01 X87.475Y19.27
G01 X87.551Y19.235
G01 X87.622Y19.192
G01 X87.689Y19.142
G01 X87.751Y19.086
G01 X87.807Y19.024
G01 X87.857Y18.957
G01 X87.9Y18.886
G01 X87.935Y18.81
G01 X87.963Y18.732
G01 X87.984Y18.651
G01 X87.996Y18.568
G01 X88.0Y18.485
G01 X87.996Y18.402
G01 X87.984Y18.319
G01 X87.963Y18.238
G01 X87.935Y18.16
G01 X87.9Y18.084
G01 X87.857Y18.013
G01 X87.807Y17.946
G01 X87.751Y17.884
G01 X87.689Y17.828
G01 X87.622Y17.778
G01 X87.551Y17.735
G01 X87.475Y17.7
G01 X87.397Y17.672
G01 X87.316Y17.651
G01 X87.233Y17.639
G01 X86.9Y17.635
G01 X86.817Y17.639
G01 X86.734Y17.651
G01 X86.653Y17.672
G01 X86.575Y17.7
G01 X86.511Y17.73
G01 X81.701Y17.73
G01 X81.657Y17.714
G01 X81.581Y17.695
G01 X81.581Y17.695
M5
G01 X21.328Y48.667
M3
G01 X21.297Y48.69
G01 X20.096Y48.69
G01 X19.48Y48.075
G01 X19.426Y48.025
G01 X19.367Y47.981
G01 X19.304Y47.944
G01 X19.237Y47.912
G01 X19.168Y47.887
G01 X19.096Y47.869
G01 X19.024Y47.859
G01 X18.95Y47.855
G01 X17.43Y47.855
G01 X17.43Y46.305
G01 X15.43Y46.305
G01 X15.43Y50.905
G01 X17.43Y50.905
G01 X17.43Y49.355
G01 X18.639Y49.355
G01 X19.255Y49.97
G01 X24.475Y55.19
G01 X24.529Y55.24
G01 X24.588Y55.284
G01 X24.651Y55.321
G01 X24.718Y55.353
G01 X24.787Y55.378
G01 X24.859Y55.396
G01 X24.931Y55.406
G01 X25.005Y55.41
G01 X78.165Y55.41
G01 X78.239Y55.406
G01 X78.311Y55.396
G01 X78.383Y55.378
G01 X78.452Y55.353
G01 X78.519Y55.321
G01 X78.582Y55.284
G01 X78.641Y55.24
G01 X78.695Y55.19
G01 X91.055Y42.83
G01 X91.105Y42.776
G01 X91.149Y42.717
G01 X91.186Y42.654
G01 X91.218Y42.587
G01 X91.243Y42.518
G01 X91.261Y42.446
G01 X91.271Y42.374
G01 X91.275Y42.3
G01 X91.275Y21.55
G01 X91.275Y8.8
G01 X91.271Y8.726
G01 X91.261Y8.654
G01 X91.243Y8.582
G01 X91.218Y8.513
G01 X91.186Y8.446
G01 X91.149Y8.383
G01 X91.105Y8.324
G01 X91.055Y8.27
G01 X88.035Y5.25
G01 X87.981Y5.2
G01 X87.922Y5.156
G01 X87.859Y5.119
G01 X87.792Y5.087
G01 X87.723Y5.062
G01 X87.651Y5.044
G01 X87.579Y5.034
G01 X87.505Y5.03
G01 X81.701Y5.03
G01 X81.657Y5.014
G01 X81.581Y4.995
G01 X81.503Y4.984
G01 X81.425Y4.98
G01 X81.347Y4.984
G01 X81.269Y4.995
G01 X81.193Y5.014
G01 X81.119Y5.041
G01 X81.048Y5.074
G01 X80.981Y5.115
G01 X80.917Y5.162
G01 X80.859Y5.214
G01 X80.807Y5.272
G01 X80.76Y5.336
G01 X80.719Y5.403
G01 X80.686Y5.474
G01 X80.659Y5.548
G01 X80.64Y5.624
G01 X80.629Y5.702
G01 X80.625Y5.78
G01 X80.629Y5.858
G01 X80.64Y5.936
G01 X80.659Y6.012
G01 X80.686Y6.086
G01 X80.719Y6.157
G01 X80.76Y6.224
G01 X80.807Y6.288
G01 X80.859Y6.346
G01 X80.917Y6.398
G01 X80.981Y6.445
G01 X81.048Y6.486
G01 X81.119Y6.519
G01 X81.193Y6.546
G01 X81.269Y6.565
G01 X81.347Y6.576
G01 X81.425Y6.58
G01 X81.503Y6.576
G01 X81.581Y6.565
G01 X81.657Y6.546
G01 X81.701Y6.53
G01 X87.194Y6.53
G01 X89.775Y9.111
G01 X89.775Y21.239
G01 X86.814Y24.2
G01 X85.935Y24.2
G01 X85.861Y24.204
G01 X85.789Y24.214
G01 X85.717Y24.232
G01 X85.648Y24.257
G01 X85.581Y24.289
G01 X85.518Y24.326
G01 X85.459Y24.37
G01 X85.405Y24.42
G01 X81.09Y28.735
G01 X81.048Y28.754
G01 X80.981Y28.795
G01 X80.917Y28.842
G01 X80.859Y28.894
G01 X80.807Y28.952
G01 X80.76Y29.016
G01 X80.719Y29.083
G01 X80.686Y29.154
G01 X80.659Y29.228
G01 X80.64Y29.304
G01 X80.629Y29.382
G01 X80.625Y29.46
G01 X80.629Y29.538
G01 X80.64Y29.616
G01 X80.659Y29.692
G01 X80.686Y29.766
G01 X80.719Y29.837
G01 X80.76Y29.904
G01 X80.807Y29.968
G01 X80.859Y30.026
G01 X80.917Y30.078
G01 X80.981Y30.125
G01 X81.048Y30.166
G01 X81.119Y30.199
G01 X81.193Y30.226
G01 X81.269Y30.245
G01 X81.347Y30.256
G01 X81.425Y30.26
G01 X81.503Y30.256
G01 X81.581Y30.245
G01 X81.657Y30.226
G01 X81.731Y30.199
G01 X81.802Y30.166
G01 X81.869Y30.125
G01 X81.933Y30.078
G01 X81.991Y30.026
G01 X82.043Y29.968
G01 X82.09Y29.904
G01 X82.131Y29.837
G01 X82.15Y29.795
G01 X86.246Y25.7
G01 X86.849Y25.7
G01 X86.893Y25.716
G01 X86.969Y25.735
G01 X87.047Y25.746
G01 X87.125Y25.75
G01 X87.203Y25.746
G01 X87.281Y25.735
G01 X87.357Y25.716
G01 X87.431Y25.689
G01 X87.502Y25.656
G01 X87.569Y25.615
G01 X87.633Y25.568
G01 X87.691Y25.516
G01 X87.743Y25.458
G01 X87.79Y25.394
G01 X87.831Y25.327
G01 X87.85Y25.285
G01 X89.775Y23.361
G01 X89.775Y41.989
G01 X77.854Y53.91
G01 X25.316Y53.91
G01 X21.772Y50.366
G01 X21.845Y50.37
G01 X21.936Y50.366
G01 X22.026Y50.352
G01 X22.115Y50.33
G01 X22.201Y50.299
G01 X22.283Y50.26
G01 X22.362Y50.213
G01 X22.435Y50.159
G01 X22.503Y50.098
G01 X22.564Y50.03
G01 X22.618Y49.957
G01 X22.665Y49.878
G01 X22.704Y49.796
G01 X22.735Y49.71
G01 X22.757Y49.621
G01 X22.771Y49.531
G01 X22.775Y49.44
G01 X22.771Y49.349
G01 X22.757Y49.259
G01 X22.735Y49.17
G01 X22.704Y49.084
G01 X22.665Y49.002
G01 X22.618Y48.923
G01 X22.564Y48.85
G01 X22.503Y48.782
G01 X22.435Y48.721
G01 X22.362Y48.667
G01 X22.283Y48.62
G01 X22.201Y48.581
G01 X22.115Y48.55
G01 X22.026Y48.528
G01 X21.936Y48.514
G01 X21.845Y48.51
G01 X21.754Y48.514
G01 X21.664Y48.528
G01 X21.575Y48.55
G01 X21.489Y48.581
G01 X21.407Y48.62
G01 X21.328Y48.667
G01 X21.328Y48.667
M5
G01 X33.551Y27.133
M3
G01 X33.593Y27.221
G01 X33.644Y27.306
G01 X33.702Y27.384
G01 X33.768Y27.457
G01 X33.841Y27.523
G01 X33.919Y27.581
G01 X34.004Y27.632
G01 X34.092Y27.674
G01 X34.185Y27.707
G01 X34.28Y27.731
G01 X34.377Y27.745
G01 X34.475Y27.75
G01 X34.573Y27.745
G01 X34.67Y27.731
G01 X34.765Y27.707
G01 X34.858Y27.674
G01 X34.946Y27.632
G01 X35.031Y27.581
G01 X35.109Y27.523
G01 X35.182Y27.457
G01 X35.248Y27.384
G01 X35.306Y27.306
G01 X35.357Y27.221
G01 X35.399Y27.133
G01 X35.432Y27.04
G01 X35.456Y26.945
G01 X35.47Y26.848
G01 X35.475Y26.75
G01 X35.47Y26.652
G01 X35.456Y26.555
G01 X35.432Y26.46
G01 X35.399Y26.367
G01 X35.357Y26.279
G01 X35.306Y26.194
G01 X35.248Y26.116
G01 X35.182Y26.043
G01 X35.109Y25.977
G01 X35.031Y25.919
G01 X34.946Y25.868
G01 X34.858Y25.826
G01 X34.765Y25.793
G01 X34.67Y25.769
G01 X34.573Y25.755
G01 X34.475Y25.75
G01 X34.377Y25.755
G01 X34.28Y25.769
G01 X34.185Y25.793
G01 X34.092Y25.826
G01 X34.004Y25.868
G01 X33.919Y25.919
G01 X33.841Y25.977
G01 X33.768Y26.043
G01 X33.702Y26.116
G01 X33.644Y26.194
G01 X33.593Y26.279
G01 X33.551Y26.367
G01 X33.518Y26.46
G01 X33.494Y26.555
G01 X33.48Y26.652
G01 X33.475Y26.75
G01 X33.48Y26.848
G01 X33.494Y26.945
G01 X33.518Y27.04
G01 X33.551Y27.133
G01 X33.551Y27.133
M5
G01 X33.494Y22.445
M3
G01 X33.518Y22.54
G01 X33.551Y22.633
G01 X33.593Y22.721
G01 X33.644Y22.806
G01 X33.702Y22.884
G01 X33.768Y22.957
G01 X33.841Y23.023
G01 X33.919Y23.081
G01 X34.004Y23.132
G01 X34.092Y23.174
G01 X34.185Y23.207
G01 X34.28Y23.231
G01 X34.377Y23.245
G01 X34.475Y23.25
G01 X34.573Y23.245
G01 X34.67Y23.231
G01 X34.765Y23.207
G01 X34.858Y23.174
G01 X34.946Y23.132
G01 X35.031Y23.081
G01 X35.109Y23.023
G01 X35.182Y22.957
G01 X35.248Y22.884
G01 X35.306Y22.806
G01 X35.357Y22.721
G01 X35.399Y22.633
G01 X35.432Y22.54
G01 X35.456Y22.445
G01 X35.47Y22.348
G01 X35.475Y22.25
G01 X35.47Y22.152
G01 X35.456Y22.055
G01 X35.432Y21.96
G01 X35.399Y21.867
G01 X35.357Y21.779
G01 X35.306Y21.694
G01 X35.248Y21.616
G01 X35.182Y21.543
G01 X35.109Y21.477
G01 X35.031Y21.419
G01 X34.946Y21.368
G01 X34.858Y21.326
G01 X34.765Y21.293
G01 X34.67Y21.269
G01 X34.573Y21.255
G01 X34.475Y21.25
G01 X34.377Y21.255
G01 X34.28Y21.269
G01 X34.185Y21.293
G01 X34.092Y21.326
G01 X34.004Y21.368
G01 X33.919Y21.419
G01 X33.841Y21.477
G01 X33.768Y21.543
G01 X33.702Y21.616
G01 X33.644Y21.694
G01 X33.593Y21.779
G01 X33.551Y21.867
G01 X33.518Y21.96
G01 X33.494Y22.055
G01 X33.48Y22.152
G01 X33.475Y22.25
G01 X33.48Y22.348
G01 X33.494Y22.445
G01 X33.494Y22.445
M5
G01 X30.971Y42.578
M3
G01 X30.975Y42.5
G01 X30.971Y42.422
G01 X30.96Y42.344
G01 X30.941Y42.268
G01 X30.914Y42.194
G01 X30.881Y42.123
G01 X30.84Y42.056
G01 X30.793Y41.992
G01 X30.741Y41.934
G01 X30.683Y41.882
G01 X30.619Y41.835
G01 X30.552Y41.794
G01 X30.481Y41.761
G01 X30.407Y41.734
G01 X30.331Y41.715
G01 X30.253Y41.704
G01 X30.175Y41.7
G01 X30.097Y41.704
G01 X30.019Y41.715
G01 X29.943Y41.734
G01 X29.869Y41.761
G01 X29.798Y41.794
G01 X29.731Y41.835
G01 X29.667Y41.882
G01 X29.609Y41.934
G01 X29.557Y41.992
G01 X29.551Y42.0
G01 X27.699Y42.0
G01 X27.693Y41.992
G01 X27.641Y41.934
G01 X27.583Y41.882
G01 X27.519Y41.835
G01 X27.452Y41.794
G01 X27.381Y41.761
G01 X27.307Y41.734
G01 X27.231Y41.715
G01 X27.153Y41.704
G01 X27.075Y41.7
G01 X26.997Y41.704
G01 X26.919Y41.715
G01 X26.843Y41.734
G01 X26.769Y41.761
G01 X26.698Y41.794
G01 X26.631Y41.835
G01 X26.567Y41.882
G01 X26.509Y41.934
G01 X26.457Y41.992
G01 X26.41Y42.056
G01 X26.369Y42.123
G01 X26.336Y42.194
G01 X26.309Y42.268
G01 X26.29Y42.344
G01 X26.279Y42.422
G01 X26.275Y42.5
G01 X26.279Y42.578
G01 X26.29Y42.656
G01 X26.309Y42.732
G01 X26.336Y42.806
G01 X26.369Y42.877
G01 X26.41Y42.944
G01 X26.457Y43.008
G01 X26.492Y43.046
G01 X25.678Y43.86
G01 X22.775Y43.86
G01 X22.775Y43.43
G01 X20.915Y43.43
G01 X20.915Y45.29
G01 X22.775Y45.29
G01 X22.775Y44.86
G01 X25.885Y44.86
G01 X25.885Y44.86
G01 X25.934Y44.858
G01 X25.983Y44.85
G01 X26.03Y44.838
G01 X26.038Y44.836
G01 X26.076Y44.822
G01 X26.11Y44.806
G01 X26.121Y44.801
G01 X26.163Y44.776
G01 X26.177Y44.765
G01 X26.202Y44.747
G01 X26.239Y44.714
G01 X26.239Y44.714
G01 X27.249Y43.704
G01 X27.282Y43.667
G01 X27.311Y43.628
G01 X27.336Y43.586
G01 X27.357Y43.541
G01 X27.373Y43.495
G01 X27.385Y43.448
G01 X27.393Y43.399
G01 X27.395Y43.35
G01 X27.393Y43.301
G01 X27.385Y43.252
G01 X27.382Y43.239
G01 X27.452Y43.206
G01 X27.519Y43.165
G01 X27.583Y43.118
G01 X27.641Y43.066
G01 X27.693Y43.008
G01 X27.699Y43.0
G01 X29.551Y43.0
G01 X29.557Y43.008
G01 X29.609Y43.066
G01 X29.667Y43.118
G01 X29.731Y43.165
G01 X29.798Y43.206
G01 X29.869Y43.239
G01 X29.943Y43.266
G01 X30.019Y43.285
G01 X30.097Y43.296
G01 X30.175Y43.3
G01 X30.253Y43.296
G01 X30.331Y43.285
G01 X30.407Y43.266
G01 X30.481Y43.239
G01 X30.552Y43.206
G01 X30.619Y43.165
G01 X30.683Y43.118
G01 X30.741Y43.066
G01 X30.793Y43.008
G01 X30.84Y42.944
G01 X30.881Y42.877
G01 X30.914Y42.806
G01 X30.941Y42.732
G01 X30.96Y42.656
G01 X30.971Y42.578
G01 X30.971Y42.578
M5
G01 X88.267Y33.915
M3
G01 X88.242Y33.879
G01 X88.211Y33.848
G01 X88.175Y33.823
G01 X88.136Y33.805
G01 X88.093Y33.794
G01 X88.05Y33.79
G01 X86.6Y33.79
G01 X86.557Y33.794
G01 X86.514Y33.805
G01 X86.475Y33.823
G01 X86.439Y33.848
G01 X86.408Y33.879
G01 X86.401Y33.89
G01 X81.89Y33.89
G01 X81.869Y33.875
G01 X81.802Y33.834
G01 X81.731Y33.801
G01 X81.657Y33.774
G01 X81.581Y33.755
G01 X81.503Y33.744
G01 X81.425Y33.74
G01 X81.347Y33.744
G01 X81.269Y33.755
G01 X81.193Y33.774
G01 X81.119Y33.801
G01 X81.048Y33.834
G01 X80.981Y33.875
G01 X80.917Y33.922
G01 X80.859Y33.974
G01 X80.807Y34.032
G01 X80.76Y34.096
G01 X80.719Y34.163
G01 X80.686Y34.234
G01 X80.659Y34.308
G01 X80.64Y34.384
G01 X80.629Y34.462
G01 X80.625Y34.54
G01 X80.629Y34.618
G01 X80.64Y34.696
G01 X80.659Y34.772
G01 X80.686Y34.846
G01 X80.719Y34.917
G01 X80.76Y34.984
G01 X80.807Y35.048
G01 X80.859Y35.106
G01 X80.917Y35.158
G01 X80.981Y35.205
G01 X81.048Y35.246
G01 X81.119Y35.279
G01 X81.157Y35.293
G01 X81.171Y35.301
G01 X81.171Y35.301
G01 X81.171Y35.301
G01 X81.183Y35.307
G01 X81.238Y35.333
G01 X81.238Y35.333
G01 X81.238Y35.333
G01 X81.307Y35.358
G01 X81.343Y35.367
G01 X81.379Y35.376
G01 X81.451Y35.386
G01 X81.525Y35.39
G01 X81.525Y35.39
G01 X81.525Y35.39
G01 X86.401Y35.39
G01 X86.408Y35.401
G01 X86.439Y35.432
G01 X86.475Y35.457
G01 X86.514Y35.475
G01 X86.557Y35.486
G01 X86.6Y35.49
G01 X88.05Y35.49
G01 X88.093Y35.486
G01 X88.136Y35.475
G01 X88.175Y35.457
G01 X88.211Y35.432
G01 X88.242Y35.401
G01 X88.267Y35.365
G01 X88.285Y35.326
G01 X88.296Y35.283
G01 X88.3Y35.24
G01 X88.3Y34.04
G01 X88.296Y33.997
G01 X88.285Y33.954
G01 X88.267Y33.915
G01 X88.267Y33.915
M5
G01 X88.051Y36.539
M3
G01 X87.989Y36.483
G01 X87.922Y36.433
G01 X87.851Y36.39
G01 X87.775Y36.355
G01 X87.697Y36.327
G01 X87.616Y36.306
G01 X87.533Y36.294
G01 X87.2Y36.29
G01 X87.117Y36.294
G01 X87.034Y36.306
G01 X86.953Y36.327
G01 X86.944Y36.33
G01 X81.701Y36.33
G01 X81.657Y36.314
G01 X81.581Y36.295
G01 X81.503Y36.284
G01 X81.425Y36.28
G01 X81.347Y36.284
G01 X81.269Y36.295
G01 X81.193Y36.314
G01 X81.119Y36.341
G01 X81.048Y36.374
G01 X80.981Y36.415
G01 X80.917Y36.462
G01 X80.859Y36.514
G01 X80.807Y36.572
G01 X80.76Y36.636
G01 X80.719Y36.703
G01 X80.686Y36.774
G01 X80.659Y36.848
G01 X80.64Y36.924
G01 X80.629Y37.002
G01 X80.625Y37.08
G01 X80.629Y37.158
G01 X80.64Y37.236
G01 X80.659Y37.312
G01 X80.686Y37.386
G01 X80.719Y37.457
G01 X80.76Y37.524
G01 X80.807Y37.588
G01 X80.859Y37.646
G01 X80.917Y37.698
G01 X80.981Y37.745
G01 X81.048Y37.786
G01 X81.119Y37.819
G01 X81.193Y37.846
G01 X81.269Y37.865
G01 X81.347Y37.876
G01 X81.425Y37.88
G01 X81.503Y37.876
G01 X81.581Y37.865
G01 X81.657Y37.846
G01 X81.701Y37.83
G01 X86.705Y37.83
G01 X86.728Y37.847
G01 X86.799Y37.89
G01 X86.875Y37.925
G01 X86.953Y37.953
G01 X87.034Y37.974
G01 X87.117Y37.986
G01 X87.45Y37.99
G01 X87.533Y37.986
G01 X87.616Y37.974
G01 X87.697Y37.953
G01 X87.775Y37.925
G01 X87.851Y37.89
G01 X87.922Y37.847
G01 X87.989Y37.797
G01 X88.051Y37.741
G01 X88.107Y37.679
G01 X88.157Y37.612
G01 X88.2Y37.541
G01 X88.235Y37.465
G01 X88.263Y37.387
G01 X88.284Y37.306
G01 X88.296Y37.223
G01 X88.3Y37.14
G01 X88.296Y37.057
G01 X88.284Y36.974
G01 X88.263Y36.893
G01 X88.235Y36.815
G01 X88.2Y36.739
G01 X88.157Y36.668
G01 X88.107Y36.601
G01 X88.051Y36.539
G01 X88.051Y36.539
M5
G01 X88.107Y39.101
M3
G01 X88.051Y39.039
G01 X87.989Y38.983
G01 X87.922Y38.933
G01 X87.851Y38.89
G01 X87.775Y38.855
G01 X87.697Y38.827
G01 X87.616Y38.806
G01 X87.533Y38.794
G01 X87.2Y38.79
G01 X87.117Y38.794
G01 X87.034Y38.806
G01 X86.953Y38.827
G01 X86.875Y38.855
G01 X86.8Y38.89
G01 X81.75Y38.89
G01 X81.731Y38.881
G01 X81.657Y38.854
G01 X81.581Y38.835
G01 X81.503Y38.824
G01 X81.425Y38.82
G01 X81.347Y38.824
G01 X81.269Y38.835
G01 X81.193Y38.854
G01 X81.119Y38.881
G01 X81.048Y38.914
G01 X80.981Y38.955
G01 X80.917Y39.002
G01 X80.859Y39.054
G01 X80.807Y39.112
G01 X80.76Y39.176
G01 X80.719Y39.243
G01 X80.686Y39.314
G01 X80.659Y39.388
G01 X80.64Y39.464
G01 X80.629Y39.542
G01 X80.625Y39.62
G01 X80.629Y39.698
G01 X80.64Y39.776
G01 X80.659Y39.852
G01 X80.686Y39.926
G01 X80.719Y39.997
G01 X80.76Y40.064
G01 X80.807Y40.128
G01 X80.859Y40.186
G01 X80.917Y40.238
G01 X80.981Y40.285
G01 X81.048Y40.326
G01 X81.119Y40.359
G01 X81.193Y40.386
G01 X81.269Y40.405
G01 X81.347Y40.416
G01 X81.425Y40.42
G01 X81.503Y40.416
G01 X81.581Y40.405
G01 X81.639Y40.39
G01 X86.8Y40.39
G01 X86.875Y40.425
G01 X86.953Y40.453
G01 X87.034Y40.474
G01 X87.117Y40.486
G01 X87.45Y40.49
G01 X87.533Y40.486
G01 X87.616Y40.474
G01 X87.697Y40.453
G01 X87.775Y40.425
G01 X87.851Y40.39
G01 X87.922Y40.347
G01 X87.989Y40.297
G01 X88.051Y40.241
G01 X88.107Y40.179
G01 X88.157Y40.112
G01 X88.2Y40.041
G01 X88.235Y39.965
G01 X88.263Y39.887
G01 X88.284Y39.806
G01 X88.296Y39.723
G01 X88.3Y39.64
G01 X88.296Y39.557
G01 X88.284Y39.474
G01 X88.263Y39.393
G01 X88.235Y39.315
G01 X88.2Y39.239
G01 X88.157Y39.168
G01 X88.107Y39.101
G01 X88.107Y39.101
M5
G01 X88.157Y41.668
M3
G01 X88.107Y41.601
G01 X88.051Y41.539
G01 X87.989Y41.483
G01 X87.922Y41.433
G01 X87.851Y41.39
G01 X87.775Y41.355
G01 X87.697Y41.327
G01 X87.616Y41.306
G01 X87.533Y41.294
G01 X87.2Y41.29
G01 X87.117Y41.294
G01 X87.034Y41.306
G01 X86.953Y41.327
G01 X86.875Y41.355
G01 X86.799Y41.39
G01 X86.767Y41.41
G01 X81.701Y41.41
G01 X81.657Y41.394
G01 X81.581Y41.375
G01 X81.503Y41.364
G01 X81.425Y41.36
G01 X81.347Y41.364
G01 X81.269Y41.375
G01 X81.193Y41.394
G01 X81.119Y41.421
G01 X81.048Y41.454
G01 X80.981Y41.495
G01 X80.917Y41.542
G01 X80.859Y41.594
G01 X80.807Y41.652
G01 X80.76Y41.716
G01 X80.719Y41.783
G01 X80.686Y41.854
G01 X80.659Y41.928
G01 X80.64Y42.004
G01 X80.629Y42.082
G01 X80.625Y42.16
G01 X80.629Y42.238
G01 X80.64Y42.316
G01 X80.659Y42.392
G01 X80.686Y42.466
G01 X80.719Y42.537
G01 X80.76Y42.604
G01 X80.807Y42.668
G01 X80.859Y42.726
G01 X80.917Y42.778
G01 X80.981Y42.825
G01 X81.048Y42.866
G01 X81.119Y42.899
G01 X81.193Y42.926
G01 X81.269Y42.945
G01 X81.347Y42.956
G01 X81.425Y42.96
G01 X81.503Y42.956
G01 X81.581Y42.945
G01 X81.657Y42.926
G01 X81.701Y42.91
G01 X86.842Y42.91
G01 X86.875Y42.925
G01 X86.953Y42.953
G01 X87.034Y42.974
G01 X87.117Y42.986
G01 X87.45Y42.99
G01 X87.533Y42.986
G01 X87.616Y42.974
G01 X87.697Y42.953
G01 X87.775Y42.925
G01 X87.851Y42.89
G01 X87.922Y42.847
G01 X87.989Y42.797
G01 X88.051Y42.741
G01 X88.107Y42.679
G01 X88.157Y42.612
G01 X88.2Y42.541
G01 X88.235Y42.465
G01 X88.263Y42.387
G01 X88.284Y42.306
G01 X88.296Y42.223
G01 X88.3Y42.14
G01 X88.296Y42.057
G01 X88.284Y41.974
G01 X88.263Y41.893
G01 X88.235Y41.815
G01 X88.2Y41.739
G01 X88.157Y41.668
G01 X88.157Y41.668
M5
G01 X3.728Y36.193
M3
G01 X3.661Y36.243
G01 X3.599Y36.299
G01 X3.543Y36.361
G01 X3.493Y36.428
G01 X3.45Y36.499
G01 X3.415Y36.575
G01 X3.387Y36.653
G01 X3.366Y36.734
G01 X3.354Y36.817
G01 X3.35Y36.9
G01 X3.354Y36.983
G01 X3.366Y37.066
G01 X3.387Y37.147
G01 X3.415Y37.225
G01 X3.45Y37.301
G01 X3.493Y37.372
G01 X3.543Y37.439
G01 X3.599Y37.501
G01 X3.661Y37.557
G01 X3.728Y37.607
G01 X3.799Y37.65
G01 X3.875Y37.685
G01 X3.953Y37.713
G01 X4.034Y37.734
G01 X4.117Y37.746
G01 X4.45Y37.75
G01 X4.533Y37.746
G01 X4.616Y37.734
G01 X4.697Y37.713
G01 X4.775Y37.685
G01 X4.851Y37.65
G01 X4.922Y37.607
G01 X4.989Y37.557
G01 X5.003Y37.544
G01 X7.762Y40.303
G01 X7.739Y40.368
G01 X7.72Y40.444
G01 X7.709Y40.522
G01 X7.705Y40.6
G01 X7.709Y40.678
G01 X7.72Y40.756
G01 X7.739Y40.832
G01 X7.766Y40.906
G01 X7.799Y40.977
G01 X7.84Y41.044
G01 X7.887Y41.108
G01 X7.939Y41.166
G01 X7.997Y41.218
G01 X8.061Y41.265
G01 X8.128Y41.306
G01 X8.199Y41.339
G01 X8.273Y41.366
G01 X8.349Y41.385
G01 X8.427Y41.396
G01 X8.505Y41.4
G01 X8.583Y41.396
G01 X8.661Y41.385
G01 X8.737Y41.366
G01 X8.811Y41.339
G01 X8.882Y41.306
G01 X8.949Y41.265
G01 X9.013Y41.218
G01 X9.071Y41.166
G01 X9.123Y41.108
G01 X9.17Y41.044
G01 X9.211Y40.977
G01 X9.244Y40.906
G01 X9.271Y40.832
G01 X9.29Y40.756
G01 X9.301Y40.678
G01 X9.305Y40.6
G01 X9.301Y40.522
G01 X9.29Y40.444
G01 X9.271Y40.368
G01 X9.244Y40.294
G01 X9.211Y40.223
G01 X9.17Y40.156
G01 X9.123Y40.092
G01 X9.071Y40.034
G01 X9.013Y39.982
G01 X8.949Y39.935
G01 X8.882Y39.894
G01 X8.811Y39.861
G01 X8.737Y39.834
G01 X8.661Y39.815
G01 X8.583Y39.804
G01 X8.505Y39.8
G01 X8.427Y39.804
G01 X8.398Y39.808
G01 X5.27Y36.68
G01 X5.263Y36.653
G01 X5.235Y36.575
G01 X5.2Y36.499
G01 X5.157Y36.428
G01 X5.107Y36.361
G01 X5.051Y36.299
G01 X4.989Y36.243
G01 X4.922Y36.193
G01 X4.851Y36.15
G01 X4.775Y36.115
G01 X4.697Y36.087
G01 X4.616Y36.066
G01 X4.533Y36.054
G01 X4.2Y36.05
G01 X4.117Y36.054
G01 X4.034Y36.066
G01 X3.953Y36.087
G01 X3.875Y36.115
G01 X3.799Y36.15
G01 X3.728Y36.193
G01 X3.728Y36.193
M5
G01 X82.221Y44.622
M3
G01 X82.21Y44.544
G01 X82.191Y44.468
G01 X82.164Y44.394
G01 X82.131Y44.323
G01 X82.09Y44.256
G01 X82.043Y44.192
G01 X81.991Y44.134
G01 X81.933Y44.082
G01 X81.869Y44.035
G01 X81.802Y43.994
G01 X81.731Y43.961
G01 X81.657Y43.934
G01 X81.581Y43.915
G01 X81.503Y43.904
G01 X81.425Y43.9
G01 X81.347Y43.904
G01 X81.269Y43.915
G01 X81.193Y43.934
G01 X81.119Y43.961
G01 X81.048Y43.994
G01 X80.981Y44.035
G01 X80.917Y44.082
G01 X80.859Y44.134
G01 X80.807Y44.192
G01 X80.76Y44.256
G01 X80.719Y44.323
G01 X80.686Y44.394
G01 X80.659Y44.468
G01 X80.64Y44.544
G01 X80.629Y44.622
G01 X80.625Y44.7
G01 X80.629Y44.778
G01 X80.64Y44.856
G01 X80.659Y44.932
G01 X80.686Y45.006
G01 X80.719Y45.077
G01 X80.76Y45.144
G01 X80.807Y45.208
G01 X80.859Y45.266
G01 X80.917Y45.318
G01 X80.981Y45.365
G01 X81.048Y45.406
G01 X81.119Y45.439
G01 X81.193Y45.466
G01 X81.269Y45.485
G01 X81.347Y45.496
G01 X81.425Y45.5
G01 X81.503Y45.496
G01 X81.581Y45.485
G01 X81.657Y45.466
G01 X81.731Y45.439
G01 X81.802Y45.406
G01 X81.869Y45.365
G01 X81.933Y45.318
G01 X81.991Y45.266
G01 X82.043Y45.208
G01 X82.09Y45.144
G01 X82.131Y45.077
G01 X82.164Y45.006
G01 X82.191Y44.932
G01 X82.21Y44.856
G01 X82.221Y44.778
G01 X82.225Y44.7
G01 X82.221Y44.622
G01 X82.221Y44.622
M5
G01 X81.119Y21.759
M3
G01 X81.193Y21.786
G01 X81.269Y21.805
G01 X81.347Y21.816
G01 X81.425Y21.82
G01 X81.503Y21.816
G01 X81.581Y21.805
G01 X81.657Y21.786
G01 X81.731Y21.759
G01 X81.802Y21.726
G01 X81.869Y21.685
G01 X81.933Y21.638
G01 X81.991Y21.586
G01 X82.043Y21.528
G01 X82.09Y21.464
G01 X82.131Y21.397
G01 X82.164Y21.326
G01 X82.191Y21.252
G01 X82.21Y21.176
G01 X82.221Y21.098
G01 X82.225Y21.02
G01 X82.221Y20.942
G01 X82.21Y20.864
G01 X82.191Y20.788
G01 X82.164Y20.714
G01 X82.131Y20.643
G01 X82.09Y20.576
G01 X82.043Y20.512
G01 X81.991Y20.454
G01 X81.933Y20.402
G01 X81.869Y20.355
G01 X81.802Y20.314
G01 X81.731Y20.281
G01 X81.657Y20.254
G01 X81.581Y20.235
G01 X81.503Y20.224
G01 X81.425Y20.22
G01 X81.347Y20.224
G01 X81.269Y20.235
G01 X81.193Y20.254
G01 X81.119Y20.281
G01 X81.048Y20.314
G01 X80.981Y20.355
G01 X80.917Y20.402
G01 X80.859Y20.454
G01 X80.807Y20.512
G01 X80.76Y20.576
G01 X80.719Y20.643
G01 X80.686Y20.714
G01 X80.659Y20.788
G01 X80.64Y20.864
G01 X80.629Y20.942
G01 X80.625Y21.02
G01 X80.629Y21.098
G01 X80.64Y21.176
G01 X80.659Y21.252
G01 X80.686Y21.326
G01 X80.719Y21.397
G01 X80.76Y21.464
G01 X80.807Y21.528
G01 X80.859Y21.586
G01 X80.917Y21.638
G01 X80.981Y21.685
G01 X81.048Y21.726
G01 X81.119Y21.759
G01 X81.119Y21.759
M5
G01 X11.657Y52.771
M3
G01 X11.599Y52.849
G01 X11.548Y52.934
G01 X11.506Y53.022
G01 X11.473Y53.115
G01 X11.449Y53.21
G01 X11.435Y53.307
G01 X11.43Y53.405
G01 X11.435Y53.503
G01 X11.449Y53.6
G01 X11.473Y53.695
G01 X11.506Y53.788
G01 X11.548Y53.876
G01 X11.599Y53.961
G01 X11.657Y54.039
G01 X11.723Y54.112
G01 X11.796Y54.178
G01 X11.874Y54.236
G01 X11.959Y54.287
G01 X12.047Y54.329
G01 X12.14Y54.362
G01 X12.235Y54.386
G01 X12.332Y54.4
G01 X14.63Y54.405
G01 X14.728Y54.4
G01 X14.825Y54.386
G01 X14.92Y54.362
G01 X15.013Y54.329
G01 X15.101Y54.287
G01 X15.186Y54.236
G01 X15.264Y54.178
G01 X15.337Y54.112
G01 X15.403Y54.039
G01 X15.461Y53.961
G01 X15.512Y53.876
G01 X15.554Y53.788
G01 X15.587Y53.695
G01 X15.611Y53.6
G01 X15.625Y53.503
G01 X15.63Y53.405
G01 X15.625Y53.307
G01 X15.611Y53.21
G01 X15.587Y53.115
G01 X15.554Y53.022
G01 X15.512Y52.934
G01 X15.461Y52.849
G01 X15.403Y52.771
G01 X15.337Y52.698
G01 X15.264Y52.632
G01 X15.186Y52.574
G01 X15.101Y52.523
G01 X15.013Y52.481
G01 X14.92Y52.448
G01 X14.825Y52.424
G01 X14.728Y52.41
G01 X12.43Y52.405
G01 X12.332Y52.41
G01 X12.235Y52.424
G01 X12.14Y52.448
G01 X12.047Y52.481
G01 X11.959Y52.523
G01 X11.874Y52.574
G01 X11.796Y52.632
G01 X11.723Y52.698
G01 X11.657Y52.771
G01 X11.657Y52.771
M5

M5 ; Disable End-Effector Signal

; Returning the Deactivating Tool-1
C0 ; PWM Tool select demultiplexer to select tool zero which is the empty tool slot in multiplexers
#TODO X-0.0Y-0.0Z-0.0 ;  ;Remove tool offset coordinate
G00X165.0Y0.0Z10.5 ; Go to Tool-1 Home Pos
G00X92 ; Enter Female Kinematic Mount Home Pos
A0 ; Latch OFF Kinematic Mount
G4 P5 ; Wait for Kinematic Mount to fully detach
G00X188 ; Exit Female Kinematic Mount Home Pos

; Machine deinitialization Sequence... 
G00X0.0Y0.0Z0.0
B0 ; Turn Machine OFF
